timestamp, name, utilization.gpu [%], utilization.memory [%], memory.used [MiB], memory.total [MiB], power.draw [W], temperature.gpu
2026/04/29 19:35:24.804, NVIDIA A100 80GB PCIe, 0 %, 0 %, 76935 MiB, 81920 MiB, 64.31 W, 33
2026/04/29 19:35:25.807, NVIDIA A100 80GB PCIe, 0 %, 0 %, 76935 MiB, 81920 MiB, 64.22 W, 33
2026/04/29 19:35:26.807, NVIDIA A100 80GB PCIe, 0 %, 0 %, 76935 MiB, 81920 MiB, 64.90 W, 33
2026/04/29 19:35:27.808, NVIDIA A100 80GB PCIe, 0 %, 0 %, 76935 MiB, 81920 MiB, 64.16 W, 33
2026/04/29 19:35:28.808, NVIDIA A100 80GB PCIe, 0 %, 0 %, 76935 MiB, 81920 MiB, 64.08 W, 33
2026/04/29 19:35:29.808, NVIDIA A100 80GB PCIe, 0 %, 0 %, 76935 MiB, 81920 MiB, 64.02 W, 33
2026/04/29 19:35:30.808, NVIDIA A100 80GB PCIe, 0 %, 0 %, 76935 MiB, 81920 MiB, 64.80 W, 33
2026/04/29 19:35:31.809, NVIDIA A100 80GB PCIe, 0 %, 0 %, 76935 MiB, 81920 MiB, 64.22 W, 33
2026/04/29 19:35:32.809, NVIDIA A100 80GB PCIe, 0 %, 0 %, 76935 MiB, 81920 MiB, 64.22 W, 33
2026/04/29 19:35:33.809, NVIDIA A100 80GB PCIe, 0 %, 0 %, 76935 MiB, 81920 MiB, 64.10 W, 33
2026/04/29 19:35:34.809, NVIDIA A100 80GB PCIe, 0 %, 0 %, 76935 MiB, 81920 MiB, 64.08 W, 33
2026/04/29 19:35:35.810, NVIDIA A100 80GB PCIe, 0 %, 0 %, 76935 MiB, 81920 MiB, 64.01 W, 33
2026/04/29 19:35:36.810, NVIDIA A100 80GB PCIe, 0 %, 0 %, 76935 MiB, 81920 MiB, 64.60 W, 33
2026/04/29 19:35:37.810, NVIDIA A100 80GB PCIe, 0 %, 0 %, 76935 MiB, 81920 MiB, 64.01 W, 33
2026/04/29 19:35:38.811, NVIDIA A100 80GB PCIe, 0 %, 0 %, 76935 MiB, 81920 MiB, 64.08 W, 33
2026/04/29 19:35:39.811, NVIDIA A100 80GB PCIe, 0 %, 0 %, 76935 MiB, 81920 MiB, 64.18 W, 33
2026/04/29 19:35:40.812, NVIDIA A100 80GB PCIe, 0 %, 0 %, 76935 MiB, 81920 MiB, 64.11 W, 33
2026/04/29 19:35:41.812, NVIDIA A100 80GB PCIe, 0 %, 0 %, 76935 MiB, 81920 MiB, 64.11 W, 33
2026/04/29 19:35:42.812, NVIDIA A100 80GB PCIe, 0 %, 0 %, 76935 MiB, 81920 MiB, 64.14 W, 33
2026/04/29 19:35:43.813, NVIDIA A100 80GB PCIe, 0 %, 0 %, 76935 MiB, 81920 MiB, 64.54 W, 33
2026/04/29 19:35:44.813, NVIDIA A100 80GB PCIe, 0 %, 0 %, 76935 MiB, 81920 MiB, 64.16 W, 33
2026/04/29 19:35:45.813, NVIDIA A100 80GB PCIe, 0 %, 0 %, 76935 MiB, 81920 MiB, 63.95 W, 33
2026/04/29 19:35:46.814, NVIDIA A100 80GB PCIe, 0 %, 0 %, 76935 MiB, 81920 MiB, 64.35 W, 33
2026/04/29 19:35:47.814, NVIDIA A100 80GB PCIe, 0 %, 0 %, 76935 MiB, 81920 MiB, 64.14 W, 33
2026/04/29 19:35:48.814, NVIDIA A100 80GB PCIe, 0 %, 0 %, 76935 MiB, 81920 MiB, 64.64 W, 33
2026/04/29 19:35:49.814, NVIDIA A100 80GB PCIe, 0 %, 0 %, 76935 MiB, 81920 MiB, 64.14 W, 33
2026/04/29 19:35:50.815, NVIDIA A100 80GB PCIe, 0 %, 0 %, 76935 MiB, 81920 MiB, 64.14 W, 33
2026/04/29 19:35:51.815, NVIDIA A100 80GB PCIe, 0 %, 0 %, 76935 MiB, 81920 MiB, 64.25 W, 33
2026/04/29 19:35:52.815, NVIDIA A100 80GB PCIe, 0 %, 0 %, 76935 MiB, 81920 MiB, 64.33 W, 33
2026/04/29 19:35:53.816, NVIDIA A100 80GB PCIe, 0 %, 0 %, 76935 MiB, 81920 MiB, 64.35 W, 33
2026/04/29 19:35:54.816, NVIDIA A100 80GB PCIe, 0 %, 0 %, 76935 MiB, 81920 MiB, 64.14 W, 33
2026/04/29 19:35:55.816, NVIDIA A100 80GB PCIe, 0 %, 0 %, 76935 MiB, 81920 MiB, 64.16 W, 33
2026/04/29 19:35:56.816, NVIDIA A100 80GB PCIe, 0 %, 0 %, 76935 MiB, 81920 MiB, 64.10 W, 33
2026/04/29 19:35:57.818, NVIDIA A100 80GB PCIe, 0 %, 0 %, 76935 MiB, 81920 MiB, 64.58 W, 33
2026/04/29 19:35:58.818, NVIDIA A100 80GB PCIe, 0 %, 0 %, 76935 MiB, 81920 MiB, 64.40 W, 33
2026/04/29 19:35:59.818, NVIDIA A100 80GB PCIe, 0 %, 0 %, 76935 MiB, 81920 MiB, 64.31 W, 33
2026/04/29 19:36:00.819, NVIDIA A100 80GB PCIe, 0 %, 0 %, 76935 MiB, 81920 MiB, 64.19 W, 33
2026/04/29 19:36:01.819, NVIDIA A100 80GB PCIe, 0 %, 0 %, 76935 MiB, 81920 MiB, 64.19 W, 33
2026/04/29 19:36:02.819, NVIDIA A100 80GB PCIe, 0 %, 0 %, 76935 MiB, 81920 MiB, 64.60 W, 32
2026/04/29 19:36:03.820, NVIDIA A100 80GB PCIe, 0 %, 0 %, 76935 MiB, 81920 MiB, 64.78 W, 32
2026/04/29 19:36:04.820, NVIDIA A100 80GB PCIe, 0 %, 0 %, 76935 MiB, 81920 MiB, 64.24 W, 33
2026/04/29 19:36:05.820, NVIDIA A100 80GB PCIe, 0 %, 0 %, 76935 MiB, 81920 MiB, 64.32 W, 32
2026/04/29 19:36:06.821, NVIDIA A100 80GB PCIe, 0 %, 0 %, 76935 MiB, 81920 MiB, 64.32 W, 32
2026/04/29 19:36:07.821, NVIDIA A100 80GB PCIe, 0 %, 0 %, 76935 MiB, 81920 MiB, 64.80 W, 33
2026/04/29 19:36:08.821, NVIDIA A100 80GB PCIe, 0 %, 0 %, 76935 MiB, 81920 MiB, 64.41 W, 33
2026/04/29 19:36:09.822, NVIDIA A100 80GB PCIe, 0 %, 0 %, 76935 MiB, 81920 MiB, 64.35 W, 33
2026/04/29 19:36:10.822, NVIDIA A100 80GB PCIe, 0 %, 0 %, 76935 MiB, 81920 MiB, 64.32 W, 33
2026/04/29 19:36:11.822, NVIDIA A100 80GB PCIe, 0 %, 0 %, 76935 MiB, 81920 MiB, 64.40 W, 33
2026/04/29 19:36:12.822, NVIDIA A100 80GB PCIe, 0 %, 0 %, 76935 MiB, 81920 MiB, 64.51 W, 33
2026/04/29 19:36:13.823, NVIDIA A100 80GB PCIe, 0 %, 0 %, 76935 MiB, 81920 MiB, 64.41 W, 33
2026/04/29 19:36:14.823, NVIDIA A100 80GB PCIe, 0 %, 0 %, 76935 MiB, 81920 MiB, 64.41 W, 33
2026/04/29 19:36:15.823, NVIDIA A100 80GB PCIe, 0 %, 0 %, 76935 MiB, 81920 MiB, 64.33 W, 33
2026/04/29 19:36:16.823, NVIDIA A100 80GB PCIe, 0 %, 0 %, 76935 MiB, 81920 MiB, 64.46 W, 33
2026/04/29 19:36:17.824, NVIDIA A100 80GB PCIe, 0 %, 0 %, 76935 MiB, 81920 MiB, 64.39 W, 33
2026/04/29 19:36:18.824, NVIDIA A100 80GB PCIe, 0 %, 0 %, 76935 MiB, 81920 MiB, 64.11 W, 33
2026/04/29 19:36:19.824, NVIDIA A100 80GB PCIe, 0 %, 0 %, 76935 MiB, 81920 MiB, 64.15 W, 33
2026/04/29 19:36:20.825, NVIDIA A100 80GB PCIe, 0 %, 0 %, 76935 MiB, 81920 MiB, 64.22 W, 33
2026/04/29 19:36:21.825, NVIDIA A100 80GB PCIe, 0 %, 0 %, 76935 MiB, 81920 MiB, 64.05 W, 33
2026/04/29 19:36:22.825, NVIDIA A100 80GB PCIe, 0 %, 0 %, 76935 MiB, 81920 MiB, 64.11 W, 33
2026/04/29 19:36:23.825, NVIDIA A100 80GB PCIe, 0 %, 0 %, 76935 MiB, 81920 MiB, 64.22 W, 33
2026/04/29 19:36:24.826, NVIDIA A100 80GB PCIe, 0 %, 0 %, 76935 MiB, 81920 MiB, 64.21 W, 33
2026/04/29 19:36:25.826, NVIDIA A100 80GB PCIe, 0 %, 0 %, 76935 MiB, 81920 MiB, 64.18 W, 33
2026/04/29 19:36:26.826, NVIDIA A100 80GB PCIe, 0 %, 0 %, 76935 MiB, 81920 MiB, 64.27 W, 33
2026/04/29 19:36:27.826, NVIDIA A100 80GB PCIe, 0 %, 0 %, 76935 MiB, 81920 MiB, 64.22 W, 33
2026/04/29 19:36:28.827, NVIDIA A100 80GB PCIe, 0 %, 0 %, 76935 MiB, 81920 MiB, 64.26 W, 33
2026/04/29 19:36:29.827, NVIDIA A100 80GB PCIe, 0 %, 0 %, 76935 MiB, 81920 MiB, 64.13 W, 33
2026/04/29 19:36:30.827, NVIDIA A100 80GB PCIe, 0 %, 0 %, 76935 MiB, 81920 MiB, 64.21 W, 33
2026/04/29 19:36:31.827, NVIDIA A100 80GB PCIe, 0 %, 0 %, 76935 MiB, 81920 MiB, 64.18 W, 33
2026/04/29 19:36:32.828, NVIDIA A100 80GB PCIe, 0 %, 0 %, 76935 MiB, 81920 MiB, 64.31 W, 33
2026/04/29 19:36:33.828, NVIDIA A100 80GB PCIe, 0 %, 0 %, 76935 MiB, 81920 MiB, 64.10 W, 33
2026/04/29 19:36:34.828, NVIDIA A100 80GB PCIe, 0 %, 0 %, 76935 MiB, 81920 MiB, 64.26 W, 33
2026/04/29 19:36:35.828, NVIDIA A100 80GB PCIe, 70 %, 63 %, 76935 MiB, 81920 MiB, 251.41 W, 34
2026/04/29 19:36:36.829, NVIDIA A100 80GB PCIe, 64 %, 57 %, 76935 MiB, 81920 MiB, 64.90 W, 35
2026/04/29 19:36:37.829, NVIDIA A100 80GB PCIe, 62 %, 55 %, 76935 MiB, 81920 MiB, 65.05 W, 35
2026/04/29 19:36:38.829, NVIDIA A100 80GB PCIe, 99 %, 88 %, 76935 MiB, 81920 MiB, 115.96 W, 35
2026/04/29 19:36:39.830, NVIDIA A100 80GB PCIe, 99 %, 89 %, 76935 MiB, 81920 MiB, 65.38 W, 35
2026/04/29 19:36:40.830, NVIDIA A100 80GB PCIe, 99 %, 88 %, 76935 MiB, 81920 MiB, 65.70 W, 36
2026/04/29 19:36:41.830, NVIDIA A100 80GB PCIe, 53 %, 47 %, 76935 MiB, 81920 MiB, 82.18 W, 36
2026/04/29 19:36:42.830, NVIDIA A100 80GB PCIe, 50 %, 45 %, 76935 MiB, 81920 MiB, 65.78 W, 36
2026/04/29 19:36:43.831, NVIDIA A100 80GB PCIe, 99 %, 88 %, 76935 MiB, 81920 MiB, 71.61 W, 37
2026/04/29 19:36:44.831, NVIDIA A100 80GB PCIe, 99 %, 88 %, 76935 MiB, 81920 MiB, 64.68 W, 37
2026/04/29 19:36:45.831, NVIDIA A100 80GB PCIe, 99 %, 89 %, 76935 MiB, 81920 MiB, 64.92 W, 37
2026/04/29 19:36:46.831, NVIDIA A100 80GB PCIe, 39 %, 35 %, 76935 MiB, 81920 MiB, 66.43 W, 37
2026/04/29 19:36:47.832, NVIDIA A100 80GB PCIe, 36 %, 32 %, 76935 MiB, 81920 MiB, 66.34 W, 38
2026/04/29 19:36:48.832, NVIDIA A100 80GB PCIe, 99 %, 89 %, 76935 MiB, 81920 MiB, 65.24 W, 38
2026/04/29 19:36:49.832, NVIDIA A100 80GB PCIe, 99 %, 88 %, 76935 MiB, 81920 MiB, 65.86 W, 38
2026/04/29 19:36:50.833, NVIDIA A100 80GB PCIe, 99 %, 89 %, 76935 MiB, 81920 MiB, 65.64 W, 38
2026/04/29 19:36:51.833, NVIDIA A100 80GB PCIe, 99 %, 89 %, 76935 MiB, 81920 MiB, 65.76 W, 38
2026/04/29 19:36:52.833, NVIDIA A100 80GB PCIe, 99 %, 88 %, 76935 MiB, 81920 MiB, 65.54 W, 38
2026/04/29 19:36:53.833, NVIDIA A100 80GB PCIe, 22 %, 20 %, 76935 MiB, 81920 MiB, 65.83 W, 38
2026/04/29 19:36:54.833, NVIDIA A100 80GB PCIe, 21 %, 19 %, 76935 MiB, 81920 MiB, 65.74 W, 39
2026/04/29 19:36:55.834, NVIDIA A100 80GB PCIe, 99 %, 89 %, 76935 MiB, 81920 MiB, 65.64 W, 39
2026/04/29 19:36:56.834, NVIDIA A100 80GB PCIe, 99 %, 89 %, 76935 MiB, 81920 MiB, 65.66 W, 39
2026/04/29 19:36:57.834, NVIDIA A100 80GB PCIe, 99 %, 89 %, 76935 MiB, 81920 MiB, 65.89 W, 39
2026/04/29 19:36:58.835, NVIDIA A100 80GB PCIe, 99 %, 88 %, 76935 MiB, 81920 MiB, 106.91 W, 39
2026/04/29 19:36:59.835, NVIDIA A100 80GB PCIe, 8 %, 7 %, 76935 MiB, 81920 MiB, 65.88 W, 40
2026/04/29 19:37:00.835, NVIDIA A100 80GB PCIe, 99 %, 88 %, 76935 MiB, 81920 MiB, 65.94 W, 40
2026/04/29 19:37:01.835, NVIDIA A100 80GB PCIe, 99 %, 88 %, 76935 MiB, 81920 MiB, 66.38 W, 40
2026/04/29 19:37:02.836, NVIDIA A100 80GB PCIe, 99 %, 88 %, 76935 MiB, 81920 MiB, 66.54 W, 40
2026/04/29 19:37:03.836, NVIDIA A100 80GB PCIe, 99 %, 88 %, 76935 MiB, 81920 MiB, 66.55 W, 40
2026/04/29 19:37:04.836, NVIDIA A100 80GB PCIe, 97 %, 87 %, 76935 MiB, 81920 MiB, 72.04 W, 40
2026/04/29 19:37:05.837, NVIDIA A100 80GB PCIe, 93 %, 83 %, 76935 MiB, 81920 MiB, 66.67 W, 41
2026/04/29 19:37:06.837, NVIDIA A100 80GB PCIe, 90 %, 81 %, 76935 MiB, 81920 MiB, 66.67 W, 41
2026/04/29 19:37:07.837, NVIDIA A100 80GB PCIe, 87 %, 78 %, 76935 MiB, 81920 MiB, 67.82 W, 41
2026/04/29 19:37:08.837, NVIDIA A100 80GB PCIe, 85 %, 76 %, 76935 MiB, 81920 MiB, 66.74 W, 41
2026/04/29 19:37:09.838, NVIDIA A100 80GB PCIe, 83 %, 75 %, 76935 MiB, 81920 MiB, 67.43 W, 41
2026/04/29 19:37:10.838, NVIDIA A100 80GB PCIe, 79 %, 70 %, 76935 MiB, 81920 MiB, 67.20 W, 41
2026/04/29 19:37:11.838, NVIDIA A100 80GB PCIe, 76 %, 68 %, 76935 MiB, 81920 MiB, 67.71 W, 41
2026/04/29 19:37:12.839, NVIDIA A100 80GB PCIe, 99 %, 88 %, 76935 MiB, 81920 MiB, 67.36 W, 41
2026/04/29 19:37:13.839, NVIDIA A100 80GB PCIe, 72 %, 65 %, 76935 MiB, 81920 MiB, 67.06 W, 41
2026/04/29 19:37:14.839, NVIDIA A100 80GB PCIe, 70 %, 62 %, 76935 MiB, 81920 MiB, 67.34 W, 42
2026/04/29 19:37:15.839, NVIDIA A100 80GB PCIe, 66 %, 59 %, 76935 MiB, 81920 MiB, 67.24 W, 42
2026/04/29 19:37:16.839, NVIDIA A100 80GB PCIe, 63 %, 56 %, 76935 MiB, 81920 MiB, 67.24 W, 42
2026/04/29 19:37:17.840, NVIDIA A100 80GB PCIe, 99 %, 88 %, 76935 MiB, 81920 MiB, 67.15 W, 42
2026/04/29 19:37:18.840, NVIDIA A100 80GB PCIe, 99 %, 88 %, 76935 MiB, 81920 MiB, 67.36 W, 42
2026/04/29 19:37:19.840, NVIDIA A100 80GB PCIe, 57 %, 51 %, 76935 MiB, 81920 MiB, 67.66 W, 42
2026/04/29 19:37:20.841, NVIDIA A100 80GB PCIe, 53 %, 48 %, 76935 MiB, 81920 MiB, 76.73 W, 42
2026/04/29 19:37:21.841, NVIDIA A100 80GB PCIe, 52 %, 46 %, 76935 MiB, 81920 MiB, 67.99 W, 42
2026/04/29 19:37:22.841, NVIDIA A100 80GB PCIe, 49 %, 44 %, 76935 MiB, 81920 MiB, 67.73 W, 43
2026/04/29 19:37:23.841, NVIDIA A100 80GB PCIe, 99 %, 88 %, 76935 MiB, 81920 MiB, 71.52 W, 42
2026/04/29 19:37:24.842, NVIDIA A100 80GB PCIe, 99 %, 88 %, 76935 MiB, 81920 MiB, 67.99 W, 43
2026/04/29 19:37:25.842, NVIDIA A100 80GB PCIe, 41 %, 37 %, 76935 MiB, 81920 MiB, 69.19 W, 43
2026/04/29 19:37:26.842, NVIDIA A100 80GB PCIe, 39 %, 35 %, 76935 MiB, 81920 MiB, 68.68 W, 43
2026/04/29 19:37:27.842, NVIDIA A100 80GB PCIe, 37 %, 33 %, 76935 MiB, 81920 MiB, 68.75 W, 43
2026/04/29 19:37:28.843, NVIDIA A100 80GB PCIe, 99 %, 88 %, 76935 MiB, 81920 MiB, 67.63 W, 43
2026/04/29 19:37:29.843, NVIDIA A100 80GB PCIe, 99 %, 89 %, 76935 MiB, 81920 MiB, 68.22 W, 43
2026/04/29 19:37:30.843, NVIDIA A100 80GB PCIe, 99 %, 89 %, 76935 MiB, 81920 MiB, 68.10 W, 44
2026/04/29 19:37:31.843, NVIDIA A100 80GB PCIe, 99 %, 88 %, 76935 MiB, 81920 MiB, 67.85 W, 43
2026/04/29 19:37:32.844, NVIDIA A100 80GB PCIe, 27 %, 24 %, 76935 MiB, 81920 MiB, 67.91 W, 43
2026/04/29 19:37:33.844, NVIDIA A100 80GB PCIe, 24 %, 22 %, 76935 MiB, 81920 MiB, 67.85 W, 43
2026/04/29 19:37:34.844, NVIDIA A100 80GB PCIe, 99 %, 88 %, 76935 MiB, 81920 MiB, 252.69 W, 45
2026/04/29 19:37:35.845, NVIDIA A100 80GB PCIe, 99 %, 89 %, 76935 MiB, 81920 MiB, 275.41 W, 47
2026/04/29 19:37:36.845, NVIDIA A100 80GB PCIe, 99 %, 88 %, 76935 MiB, 81920 MiB, 275.68 W, 47
2026/04/29 19:37:37.845, NVIDIA A100 80GB PCIe, 99 %, 89 %, 76935 MiB, 81920 MiB, 255.67 W, 47
2026/04/29 19:37:38.845, NVIDIA A100 80GB PCIe, 99 %, 89 %, 76935 MiB, 81920 MiB, 278.30 W, 47
2026/04/29 19:37:39.846, NVIDIA A100 80GB PCIe, 99 %, 88 %, 76935 MiB, 81920 MiB, 276.19 W, 47
2026/04/29 19:37:40.846, NVIDIA A100 80GB PCIe, 99 %, 89 %, 76935 MiB, 81920 MiB, 247.66 W, 48
2026/04/29 19:37:41.846, NVIDIA A100 80GB PCIe, 99 %, 89 %, 76935 MiB, 81920 MiB, 279.17 W, 48
2026/04/29 19:37:42.846, NVIDIA A100 80GB PCIe, 99 %, 89 %, 76935 MiB, 81920 MiB, 242.03 W, 48
2026/04/29 19:37:43.847, NVIDIA A100 80GB PCIe, 99 %, 89 %, 76935 MiB, 81920 MiB, 264.29 W, 48
2026/04/29 19:37:44.847, NVIDIA A100 80GB PCIe, 99 %, 88 %, 76935 MiB, 81920 MiB, 278.42 W, 49
2026/04/29 19:37:45.847, NVIDIA A100 80GB PCIe, 99 %, 89 %, 76935 MiB, 81920 MiB, 272.14 W, 49
2026/04/29 19:37:46.848, NVIDIA A100 80GB PCIe, 99 %, 88 %, 76935 MiB, 81920 MiB, 274.73 W, 49
2026/04/29 19:37:47.848, NVIDIA A100 80GB PCIe, 99 %, 89 %, 76935 MiB, 81920 MiB, 275.13 W, 49
2026/04/29 19:37:48.848, NVIDIA A100 80GB PCIe, 99 %, 88 %, 76935 MiB, 81920 MiB, 279.65 W, 49
2026/04/29 19:37:49.848, NVIDIA A100 80GB PCIe, 99 %, 88 %, 76935 MiB, 81920 MiB, 278.49 W, 50
2026/04/29 19:37:50.849, NVIDIA A100 80GB PCIe, 99 %, 88 %, 76935 MiB, 81920 MiB, 284.28 W, 50
2026/04/29 19:37:51.849, NVIDIA A100 80GB PCIe, 99 %, 87 %, 76935 MiB, 81920 MiB, 282.06 W, 50
2026/04/29 19:37:52.849, NVIDIA A100 80GB PCIe, 99 %, 88 %, 76935 MiB, 81920 MiB, 281.03 W, 50
2026/04/29 19:37:53.849, NVIDIA A100 80GB PCIe, 99 %, 89 %, 76935 MiB, 81920 MiB, 279.40 W, 50
2026/04/29 19:37:54.850, NVIDIA A100 80GB PCIe, 99 %, 87 %, 76935 MiB, 81920 MiB, 283.11 W, 50
2026/04/29 19:37:55.850, NVIDIA A100 80GB PCIe, 99 %, 87 %, 76935 MiB, 81920 MiB, 282.28 W, 50
2026/04/29 19:37:56.850, NVIDIA A100 80GB PCIe, 99 %, 87 %, 76935 MiB, 81920 MiB, 258.18 W, 51
2026/04/29 19:37:57.850, NVIDIA A100 80GB PCIe, 99 %, 87 %, 76935 MiB, 81920 MiB, 282.65 W, 51
2026/04/29 19:37:58.851, NVIDIA A100 80GB PCIe, 99 %, 88 %, 76935 MiB, 81920 MiB, 286.01 W, 51
2026/04/29 19:37:59.851, NVIDIA A100 80GB PCIe, 99 %, 88 %, 76935 MiB, 81920 MiB, 284.30 W, 51
2026/04/29 19:38:00.851, NVIDIA A100 80GB PCIe, 99 %, 87 %, 76935 MiB, 81920 MiB, 283.90 W, 51
2026/04/29 19:38:01.851, NVIDIA A100 80GB PCIe, 99 %, 87 %, 76935 MiB, 81920 MiB, 266.24 W, 52
2026/04/29 19:38:02.852, NVIDIA A100 80GB PCIe, 99 %, 87 %, 76935 MiB, 81920 MiB, 285.33 W, 52
2026/04/29 19:38:03.852, NVIDIA A100 80GB PCIe, 99 %, 89 %, 76935 MiB, 81920 MiB, 284.07 W, 52
2026/04/29 19:38:04.852, NVIDIA A100 80GB PCIe, 99 %, 88 %, 76935 MiB, 81920 MiB, 275.53 W, 52
2026/04/29 19:38:05.852, NVIDIA A100 80GB PCIe, 99 %, 89 %, 76935 MiB, 81920 MiB, 285.45 W, 52
2026/04/29 19:38:06.853, NVIDIA A100 80GB PCIe, 99 %, 87 %, 76935 MiB, 81920 MiB, 275.73 W, 52
2026/04/29 19:38:07.853, NVIDIA A100 80GB PCIe, 99 %, 87 %, 76935 MiB, 81920 MiB, 280.56 W, 52
2026/04/29 19:38:08.853, NVIDIA A100 80GB PCIe, 99 %, 86 %, 76935 MiB, 81920 MiB, 284.66 W, 52
2026/04/29 19:38:09.853, NVIDIA A100 80GB PCIe, 99 %, 88 %, 76935 MiB, 81920 MiB, 283.99 W, 53
2026/04/29 19:38:10.854, NVIDIA A100 80GB PCIe, 99 %, 89 %, 76935 MiB, 81920 MiB, 282.38 W, 53
2026/04/29 19:38:11.854, NVIDIA A100 80GB PCIe, 99 %, 89 %, 76935 MiB, 81920 MiB, 286.99 W, 53
2026/04/29 19:38:12.854, NVIDIA A100 80GB PCIe, 99 %, 87 %, 76935 MiB, 81920 MiB, 288.14 W, 53
2026/04/29 19:38:13.854, NVIDIA A100 80GB PCIe, 99 %, 87 %, 76935 MiB, 81920 MiB, 285.23 W, 53
2026/04/29 19:38:14.855, NVIDIA A100 80GB PCIe, 99 %, 88 %, 76935 MiB, 81920 MiB, 277.74 W, 53
2026/04/29 19:38:15.855, NVIDIA A100 80GB PCIe, 99 %, 89 %, 76935 MiB, 81920 MiB, 282.91 W, 54
2026/04/29 19:38:16.855, NVIDIA A100 80GB PCIe, 99 %, 88 %, 76935 MiB, 81920 MiB, 284.96 W, 54
2026/04/29 19:38:17.855, NVIDIA A100 80GB PCIe, 99 %, 89 %, 76935 MiB, 81920 MiB, 284.95 W, 54
2026/04/29 19:38:18.856, NVIDIA A100 80GB PCIe, 99 %, 88 %, 76935 MiB, 81920 MiB, 284.47 W, 54
2026/04/29 19:38:19.856, NVIDIA A100 80GB PCIe, 99 %, 88 %, 76935 MiB, 81920 MiB, 285.64 W, 54
2026/04/29 19:38:20.856, NVIDIA A100 80GB PCIe, 99 %, 89 %, 76935 MiB, 81920 MiB, 286.77 W, 54
2026/04/29 19:38:21.856, NVIDIA A100 80GB PCIe, 99 %, 89 %, 76935 MiB, 81920 MiB, 270.69 W, 55
2026/04/29 19:38:22.857, NVIDIA A100 80GB PCIe, 99 %, 87 %, 76935 MiB, 81920 MiB, 289.56 W, 55
2026/04/29 19:38:23.857, NVIDIA A100 80GB PCIe, 99 %, 89 %, 76935 MiB, 81920 MiB, 288.81 W, 55
2026/04/29 19:38:24.857, NVIDIA A100 80GB PCIe, 99 %, 88 %, 76935 MiB, 81920 MiB, 287.56 W, 55
2026/04/29 19:38:25.857, NVIDIA A100 80GB PCIe, 99 %, 89 %, 76935 MiB, 81920 MiB, 280.73 W, 55
2026/04/29 19:38:26.858, NVIDIA A100 80GB PCIe, 99 %, 88 %, 76935 MiB, 81920 MiB, 282.20 W, 56
2026/04/29 19:38:27.858, NVIDIA A100 80GB PCIe, 99 %, 87 %, 76935 MiB, 81920 MiB, 289.20 W, 56
2026/04/29 19:38:28.858, NVIDIA A100 80GB PCIe, 99 %, 88 %, 76935 MiB, 81920 MiB, 290.16 W, 56
2026/04/29 19:38:29.858, NVIDIA A100 80GB PCIe, 99 %, 88 %, 76935 MiB, 81920 MiB, 287.36 W, 56
2026/04/29 19:38:30.859, NVIDIA A100 80GB PCIe, 99 %, 88 %, 76935 MiB, 81920 MiB, 290.24 W, 56
2026/04/29 19:38:31.859, NVIDIA A100 80GB PCIe, 99 %, 87 %, 76935 MiB, 81920 MiB, 290.73 W, 57
2026/04/29 19:38:32.859, NVIDIA A100 80GB PCIe, 99 %, 89 %, 76935 MiB, 81920 MiB, 288.89 W, 57
2026/04/29 19:38:33.859, NVIDIA A100 80GB PCIe, 99 %, 87 %, 76935 MiB, 81920 MiB, 286.88 W, 57
2026/04/29 19:38:34.860, NVIDIA A100 80GB PCIe, 99 %, 88 %, 76935 MiB, 81920 MiB, 264.50 W, 56
2026/04/29 19:38:35.860, NVIDIA A100 80GB PCIe, 99 %, 85 %, 76935 MiB, 81920 MiB, 300.06 W, 57
2026/04/29 19:38:36.860, NVIDIA A100 80GB PCIe, 99 %, 84 %, 76935 MiB, 81920 MiB, 302.48 W, 57
2026/04/29 19:38:37.860, NVIDIA A100 80GB PCIe, 99 %, 84 %, 76935 MiB, 81920 MiB, 303.23 W, 58
2026/04/29 19:38:38.861, NVIDIA A100 80GB PCIe, 99 %, 84 %, 76935 MiB, 81920 MiB, 298.06 W, 58
2026/04/29 19:38:39.861, NVIDIA A100 80GB PCIe, 99 %, 84 %, 76935 MiB, 81920 MiB, 283.89 W, 58
2026/04/29 19:38:40.861, NVIDIA A100 80GB PCIe, 99 %, 84 %, 76935 MiB, 81920 MiB, 297.95 W, 58
2026/04/29 19:38:41.861, NVIDIA A100 80GB PCIe, 99 %, 84 %, 76935 MiB, 81920 MiB, 291.70 W, 58
2026/04/29 19:38:42.861, NVIDIA A100 80GB PCIe, 99 %, 84 %, 76935 MiB, 81920 MiB, 282.93 W, 58
2026/04/29 19:38:43.862, NVIDIA A100 80GB PCIe, 99 %, 84 %, 76935 MiB, 81920 MiB, 310.43 W, 58
2026/04/29 19:38:44.862, NVIDIA A100 80GB PCIe, 99 %, 83 %, 76935 MiB, 81920 MiB, 312.85 W, 58
2026/04/29 19:38:45.862, NVIDIA A100 80GB PCIe, 99 %, 84 %, 76935 MiB, 81920 MiB, 298.05 W, 58
2026/04/29 19:38:46.862, NVIDIA A100 80GB PCIe, 99 %, 84 %, 76935 MiB, 81920 MiB, 299.86 W, 59
2026/04/29 19:38:47.863, NVIDIA A100 80GB PCIe, 99 %, 84 %, 76935 MiB, 81920 MiB, 298.04 W, 59
2026/04/29 19:38:48.863, NVIDIA A100 80GB PCIe, 99 %, 83 %, 76935 MiB, 81920 MiB, 301.87 W, 59
2026/04/29 19:38:49.863, NVIDIA A100 80GB PCIe, 99 %, 84 %, 76935 MiB, 81920 MiB, 307.35 W, 59
2026/04/29 19:38:50.863, NVIDIA A100 80GB PCIe, 99 %, 84 %, 76935 MiB, 81920 MiB, 291.79 W, 59
2026/04/29 19:38:51.864, NVIDIA A100 80GB PCIe, 99 %, 84 %, 76935 MiB, 81920 MiB, 287.85 W, 59
2026/04/29 19:38:52.864, NVIDIA A100 80GB PCIe, 99 %, 84 %, 76935 MiB, 81920 MiB, 291.22 W, 59
2026/04/29 19:38:53.864, NVIDIA A100 80GB PCIe, 99 %, 84 %, 76935 MiB, 81920 MiB, 318.19 W, 59
2026/04/29 19:38:54.864, NVIDIA A100 80GB PCIe, 99 %, 84 %, 76935 MiB, 81920 MiB, 307.72 W, 59
2026/04/29 19:38:55.865, NVIDIA A100 80GB PCIe, 99 %, 84 %, 76935 MiB, 81920 MiB, 295.42 W, 59
2026/04/29 19:38:56.865, NVIDIA A100 80GB PCIe, 99 %, 83 %, 76935 MiB, 81920 MiB, 290.53 W, 59
2026/04/29 19:38:57.865, NVIDIA A100 80GB PCIe, 99 %, 84 %, 76935 MiB, 81920 MiB, 307.13 W, 59
2026/04/29 19:38:58.865, NVIDIA A100 80GB PCIe, 99 %, 84 %, 76935 MiB, 81920 MiB, 303.12 W, 60
2026/04/29 19:38:59.866, NVIDIA A100 80GB PCIe, 99 %, 84 %, 76935 MiB, 81920 MiB, 299.00 W, 60
2026/04/29 19:39:00.866, NVIDIA A100 80GB PCIe, 99 %, 84 %, 76935 MiB, 81920 MiB, 304.18 W, 59
2026/04/29 19:39:01.866, NVIDIA A100 80GB PCIe, 99 %, 84 %, 76935 MiB, 81920 MiB, 297.57 W, 59
2026/04/29 19:39:02.866, NVIDIA A100 80GB PCIe, 99 %, 84 %, 76935 MiB, 81920 MiB, 294.02 W, 60
2026/04/29 19:39:03.867, NVIDIA A100 80GB PCIe, 99 %, 84 %, 76935 MiB, 81920 MiB, 319.62 W, 60
2026/04/29 19:39:04.867, NVIDIA A100 80GB PCIe, 99 %, 84 %, 76935 MiB, 81920 MiB, 314.05 W, 60
2026/04/29 19:39:05.867, NVIDIA A100 80GB PCIe, 99 %, 84 %, 76935 MiB, 81920 MiB, 311.43 W, 60
2026/04/29 19:39:06.867, NVIDIA A100 80GB PCIe, 99 %, 84 %, 76935 MiB, 81920 MiB, 308.90 W, 60
2026/04/29 19:39:07.868, NVIDIA A100 80GB PCIe, 99 %, 84 %, 76935 MiB, 81920 MiB, 296.50 W, 60
2026/04/29 19:39:08.868, NVIDIA A100 80GB PCIe, 99 %, 84 %, 76935 MiB, 81920 MiB, 305.50 W, 60
2026/04/29 19:39:09.868, NVIDIA A100 80GB PCIe, 99 %, 84 %, 76935 MiB, 81920 MiB, 300.92 W, 60
2026/04/29 19:39:10.868, NVIDIA A100 80GB PCIe, 99 %, 84 %, 76935 MiB, 81920 MiB, 304.85 W, 60
2026/04/29 19:39:11.869, NVIDIA A100 80GB PCIe, 99 %, 84 %, 76935 MiB, 81920 MiB, 294.30 W, 60
2026/04/29 19:39:12.869, NVIDIA A100 80GB PCIe, 99 %, 83 %, 76935 MiB, 81920 MiB, 310.71 W, 60
2026/04/29 19:39:13.869, NVIDIA A100 80GB PCIe, 99 %, 85 %, 76935 MiB, 81920 MiB, 318.28 W, 60
2026/04/29 19:39:14.869, NVIDIA A100 80GB PCIe, 99 %, 84 %, 76935 MiB, 81920 MiB, 315.13 W, 61
2026/04/29 19:39:15.870, NVIDIA A100 80GB PCIe, 99 %, 84 %, 76935 MiB, 81920 MiB, 288.73 W, 61
2026/04/29 19:39:16.870, NVIDIA A100 80GB PCIe, 99 %, 83 %, 76935 MiB, 81920 MiB, 306.68 W, 61
2026/04/29 19:39:17.870, NVIDIA A100 80GB PCIe, 99 %, 84 %, 76935 MiB, 81920 MiB, 307.71 W, 61
2026/04/29 19:39:18.870, NVIDIA A100 80GB PCIe, 99 %, 84 %, 76935 MiB, 81920 MiB, 306.88 W, 61
2026/04/29 19:39:19.870, NVIDIA A100 80GB PCIe, 99 %, 84 %, 76935 MiB, 81920 MiB, 307.07 W, 62
2026/04/29 19:39:20.871, NVIDIA A100 80GB PCIe, 99 %, 83 %, 76935 MiB, 81920 MiB, 286.73 W, 61
2026/04/29 19:39:21.871, NVIDIA A100 80GB PCIe, 99 %, 84 %, 76935 MiB, 81920 MiB, 282.92 W, 61
2026/04/29 19:39:22.871, NVIDIA A100 80GB PCIe, 99 %, 84 %, 76935 MiB, 81920 MiB, 289.98 W, 62
2026/04/29 19:39:23.871, NVIDIA A100 80GB PCIe, 99 %, 84 %, 76935 MiB, 81920 MiB, 283.44 W, 62
2026/04/29 19:39:24.872, NVIDIA A100 80GB PCIe, 99 %, 83 %, 76935 MiB, 81920 MiB, 311.11 W, 62
2026/04/29 19:39:25.872, NVIDIA A100 80GB PCIe, 99 %, 85 %, 76935 MiB, 81920 MiB, 305.44 W, 62
2026/04/29 19:39:26.872, NVIDIA A100 80GB PCIe, 99 %, 84 %, 76935 MiB, 81920 MiB, 301.20 W, 62
2026/04/29 19:39:27.872, NVIDIA A100 80GB PCIe, 99 %, 84 %, 76935 MiB, 81920 MiB, 296.14 W, 62
2026/04/29 19:39:28.873, NVIDIA A100 80GB PCIe, 99 %, 83 %, 76935 MiB, 81920 MiB, 303.33 W, 63
2026/04/29 19:39:29.873, NVIDIA A100 80GB PCIe, 99 %, 84 %, 76935 MiB, 81920 MiB, 293.32 W, 63
2026/04/29 19:39:30.873, NVIDIA A100 80GB PCIe, 99 %, 84 %, 76935 MiB, 81920 MiB, 286.78 W, 63
2026/04/29 19:39:31.873, NVIDIA A100 80GB PCIe, 99 %, 84 %, 76935 MiB, 81920 MiB, 288.89 W, 63
2026/04/29 19:39:32.873, NVIDIA A100 80GB PCIe, 99 %, 83 %, 76935 MiB, 81920 MiB, 314.54 W, 63
2026/04/29 19:39:33.874, NVIDIA A100 80GB PCIe, 99 %, 84 %, 76935 MiB, 81920 MiB, 303.49 W, 63
2026/04/29 19:39:34.874, NVIDIA A100 80GB PCIe, 99 %, 84 %, 76935 MiB, 81920 MiB, 298.13 W, 63
2026/04/29 19:39:35.874, NVIDIA A100 80GB PCIe, 99 %, 85 %, 76935 MiB, 81920 MiB, 304.96 W, 63
2026/04/29 19:39:36.874, NVIDIA A100 80GB PCIe, 99 %, 80 %, 76935 MiB, 81920 MiB, 298.92 W, 62
2026/04/29 19:39:37.875, NVIDIA A100 80GB PCIe, 99 %, 80 %, 76935 MiB, 81920 MiB, 301.71 W, 62
2026/04/29 19:39:38.875, NVIDIA A100 80GB PCIe, 99 %, 81 %, 76935 MiB, 81920 MiB, 300.92 W, 62
2026/04/29 19:39:39.875, NVIDIA A100 80GB PCIe, 99 %, 80 %, 76935 MiB, 81920 MiB, 279.78 W, 62
2026/04/29 19:39:40.875, NVIDIA A100 80GB PCIe, 99 %, 80 %, 76935 MiB, 81920 MiB, 299.09 W, 62
2026/04/29 19:39:41.875, NVIDIA A100 80GB PCIe, 99 %, 80 %, 76935 MiB, 81920 MiB, 287.78 W, 62
2026/04/29 19:39:42.876, NVIDIA A100 80GB PCIe, 99 %, 80 %, 76935 MiB, 81920 MiB, 298.71 W, 62
2026/04/29 19:39:43.876, NVIDIA A100 80GB PCIe, 99 %, 81 %, 76935 MiB, 81920 MiB, 282.49 W, 62
2026/04/29 19:39:44.876, NVIDIA A100 80GB PCIe, 99 %, 80 %, 76935 MiB, 81920 MiB, 284.60 W, 62
2026/04/29 19:39:45.876, NVIDIA A100 80GB PCIe, 99 %, 80 %, 76935 MiB, 81920 MiB, 287.10 W, 62
2026/04/29 19:39:46.876, NVIDIA A100 80GB PCIe, 99 %, 80 %, 76935 MiB, 81920 MiB, 285.67 W, 62
2026/04/29 19:39:47.877, NVIDIA A100 80GB PCIe, 99 %, 80 %, 76935 MiB, 81920 MiB, 290.19 W, 61
2026/04/29 19:39:48.877, NVIDIA A100 80GB PCIe, 99 %, 81 %, 76935 MiB, 81920 MiB, 289.89 W, 62
2026/04/29 19:39:49.877, NVIDIA A100 80GB PCIe, 99 %, 81 %, 76935 MiB, 81920 MiB, 290.67 W, 61
2026/04/29 19:39:50.877, NVIDIA A100 80GB PCIe, 99 %, 80 %, 76935 MiB, 81920 MiB, 293.54 W, 61
2026/04/29 19:39:51.878, NVIDIA A100 80GB PCIe, 99 %, 80 %, 76935 MiB, 81920 MiB, 296.89 W, 61
2026/04/29 19:39:52.878, NVIDIA A100 80GB PCIe, 99 %, 80 %, 76935 MiB, 81920 MiB, 297.77 W, 61
2026/04/29 19:39:53.878, NVIDIA A100 80GB PCIe, 99 %, 81 %, 76935 MiB, 81920 MiB, 295.19 W, 61
2026/04/29 19:39:54.878, NVIDIA A100 80GB PCIe, 99 %, 80 %, 76935 MiB, 81920 MiB, 296.89 W, 61
2026/04/29 19:39:55.878, NVIDIA A100 80GB PCIe, 99 %, 80 %, 76935 MiB, 81920 MiB, 298.44 W, 61
2026/04/29 19:39:56.878, NVIDIA A100 80GB PCIe, 99 %, 80 %, 76935 MiB, 81920 MiB, 300.62 W, 61
2026/04/29 19:39:57.879, NVIDIA A100 80GB PCIe, 99 %, 80 %, 76935 MiB, 81920 MiB, 298.63 W, 61
2026/04/29 19:39:58.879, NVIDIA A100 80GB PCIe, 99 %, 81 %, 76935 MiB, 81920 MiB, 296.98 W, 61
2026/04/29 19:39:59.879, NVIDIA A100 80GB PCIe, 99 %, 80 %, 76935 MiB, 81920 MiB, 278.70 W, 61
2026/04/29 19:40:00.879, NVIDIA A100 80GB PCIe, 99 %, 81 %, 76935 MiB, 81920 MiB, 299.97 W, 61
2026/04/29 19:40:01.880, NVIDIA A100 80GB PCIe, 99 %, 80 %, 76935 MiB, 81920 MiB, 272.26 W, 61
2026/04/29 19:40:02.880, NVIDIA A100 80GB PCIe, 99 %, 80 %, 76935 MiB, 81920 MiB, 303.13 W, 61
2026/04/29 19:40:03.880, NVIDIA A100 80GB PCIe, 99 %, 80 %, 76935 MiB, 81920 MiB, 281.53 W, 61
2026/04/29 19:40:04.880, NVIDIA A100 80GB PCIe, 99 %, 81 %, 76935 MiB, 81920 MiB, 292.57 W, 61
2026/04/29 19:40:05.881, NVIDIA A100 80GB PCIe, 99 %, 80 %, 76935 MiB, 81920 MiB, 286.52 W, 61
2026/04/29 19:40:06.881, NVIDIA A100 80GB PCIe, 99 %, 81 %, 76935 MiB, 81920 MiB, 286.42 W, 61
2026/04/29 19:40:07.881, NVIDIA A100 80GB PCIe, 99 %, 80 %, 76935 MiB, 81920 MiB, 289.89 W, 61
2026/04/29 19:40:08.881, NVIDIA A100 80GB PCIe, 99 %, 81 %, 76935 MiB, 81920 MiB, 288.26 W, 61
2026/04/29 19:40:09.881, NVIDIA A100 80GB PCIe, 99 %, 80 %, 76935 MiB, 81920 MiB, 287.56 W, 61
2026/04/29 19:40:10.881, NVIDIA A100 80GB PCIe, 99 %, 80 %, 76935 MiB, 81920 MiB, 287.37 W, 61
2026/04/29 19:40:11.882, NVIDIA A100 80GB PCIe, 99 %, 80 %, 76935 MiB, 81920 MiB, 294.86 W, 61
2026/04/29 19:40:12.882, NVIDIA A100 80GB PCIe, 99 %, 80 %, 76935 MiB, 81920 MiB, 291.53 W, 61
2026/04/29 19:40:13.882, NVIDIA A100 80GB PCIe, 99 %, 80 %, 76935 MiB, 81920 MiB, 295.46 W, 61
2026/04/29 19:40:14.882, NVIDIA A100 80GB PCIe, 99 %, 81 %, 76935 MiB, 81920 MiB, 294.40 W, 61
2026/04/29 19:40:15.883, NVIDIA A100 80GB PCIe, 99 %, 80 %, 76935 MiB, 81920 MiB, 298.05 W, 61
2026/04/29 19:40:16.883, NVIDIA A100 80GB PCIe, 99 %, 81 %, 76935 MiB, 81920 MiB, 299.61 W, 61
2026/04/29 19:40:17.883, NVIDIA A100 80GB PCIe, 99 %, 80 %, 76935 MiB, 81920 MiB, 299.20 W, 61
2026/04/29 19:40:18.883, NVIDIA A100 80GB PCIe, 99 %, 81 %, 76935 MiB, 81920 MiB, 295.46 W, 61
2026/04/29 19:40:19.883, NVIDIA A100 80GB PCIe, 99 %, 80 %, 76935 MiB, 81920 MiB, 280.81 W, 61
2026/04/29 19:40:20.884, NVIDIA A100 80GB PCIe, 99 %, 81 %, 76935 MiB, 81920 MiB, 299.10 W, 61
2026/04/29 19:40:21.884, NVIDIA A100 80GB PCIe, 99 %, 80 %, 76935 MiB, 81920 MiB, 278.69 W, 61
2026/04/29 19:40:22.884, NVIDIA A100 80GB PCIe, 99 %, 81 %, 76935 MiB, 81920 MiB, 297.10 W, 61
2026/04/29 19:40:23.884, NVIDIA A100 80GB PCIe, 99 %, 80 %, 76935 MiB, 81920 MiB, 279.95 W, 61
2026/04/29 19:40:24.884, NVIDIA A100 80GB PCIe, 99 %, 80 %, 76935 MiB, 81920 MiB, 287.27 W, 61
2026/04/29 19:40:25.885, NVIDIA A100 80GB PCIe, 99 %, 80 %, 76935 MiB, 81920 MiB, 288.72 W, 61
2026/04/29 19:40:26.885, NVIDIA A100 80GB PCIe, 99 %, 81 %, 76935 MiB, 81920 MiB, 287.51 W, 61
2026/04/29 19:40:27.885, NVIDIA A100 80GB PCIe, 99 %, 80 %, 76935 MiB, 81920 MiB, 289.68 W, 61
2026/04/29 19:40:28.885, NVIDIA A100 80GB PCIe, 99 %, 81 %, 76935 MiB, 81920 MiB, 290.47 W, 61
2026/04/29 19:40:29.886, NVIDIA A100 80GB PCIe, 99 %, 81 %, 76935 MiB, 81920 MiB, 287.48 W, 61
2026/04/29 19:40:30.886, NVIDIA A100 80GB PCIe, 99 %, 81 %, 76935 MiB, 81920 MiB, 294.88 W, 61
2026/04/29 19:40:31.886, NVIDIA A100 80GB PCIe, 99 %, 80 %, 76935 MiB, 81920 MiB, 295.56 W, 61
2026/04/29 19:40:32.886, NVIDIA A100 80GB PCIe, 99 %, 80 %, 76935 MiB, 81920 MiB, 297.95 W, 61
2026/04/29 19:40:33.886, NVIDIA A100 80GB PCIe, 99 %, 80 %, 76935 MiB, 81920 MiB, 299.32 W, 61
2026/04/29 19:40:34.887, NVIDIA A100 80GB PCIe, 99 %, 80 %, 76935 MiB, 81920 MiB, 295.58 W, 61
2026/04/29 19:40:35.887, NVIDIA A100 80GB PCIe, 99 %, 79 %, 76935 MiB, 81920 MiB, 287.57 W, 61
2026/04/29 19:40:36.887, NVIDIA A100 80GB PCIe, 99 %, 78 %, 76935 MiB, 81920 MiB, 292.40 W, 61
2026/04/29 19:40:37.887, NVIDIA A100 80GB PCIe, 99 %, 78 %, 76935 MiB, 81920 MiB, 289.89 W, 61
2026/04/29 19:40:38.887, NVIDIA A100 80GB PCIe, 99 %, 77 %, 76935 MiB, 81920 MiB, 285.94 W, 61
2026/04/29 19:40:39.888, NVIDIA A100 80GB PCIe, 99 %, 77 %, 76935 MiB, 81920 MiB, 278.06 W, 61
2026/04/29 19:40:40.888, NVIDIA A100 80GB PCIe, 99 %, 77 %, 76935 MiB, 81920 MiB, 291.82 W, 61
2026/04/29 19:40:41.888, NVIDIA A100 80GB PCIe, 99 %, 77 %, 76935 MiB, 81920 MiB, 293.06 W, 61
2026/04/29 19:40:42.888, NVIDIA A100 80GB PCIe, 99 %, 77 %, 76935 MiB, 81920 MiB, 272.42 W, 61
2026/04/29 19:40:43.888, NVIDIA A100 80GB PCIe, 99 %, 78 %, 76935 MiB, 81920 MiB, 293.43 W, 61
2026/04/29 19:40:44.889, NVIDIA A100 80GB PCIe, 99 %, 76 %, 76935 MiB, 81920 MiB, 291.99 W, 61
2026/04/29 19:40:45.889, NVIDIA A100 80GB PCIe, 99 %, 77 %, 76935 MiB, 81920 MiB, 293.65 W, 61
2026/04/29 19:40:46.889, NVIDIA A100 80GB PCIe, 99 %, 77 %, 76935 MiB, 81920 MiB, 292.10 W, 61
2026/04/29 19:40:47.889, NVIDIA A100 80GB PCIe, 99 %, 77 %, 76935 MiB, 81920 MiB, 296.61 W, 61
2026/04/29 19:40:48.889, NVIDIA A100 80GB PCIe, 99 %, 78 %, 76935 MiB, 81920 MiB, 291.72 W, 61
2026/04/29 19:40:49.890, NVIDIA A100 80GB PCIe, 99 %, 77 %, 76935 MiB, 81920 MiB, 289.90 W, 61
2026/04/29 19:40:50.891, NVIDIA A100 80GB PCIe, 99 %, 77 %, 76935 MiB, 81920 MiB, 292.09 W, 61
2026/04/29 19:40:51.891, NVIDIA A100 80GB PCIe, 99 %, 77 %, 76935 MiB, 81920 MiB, 289.77 W, 61
2026/04/29 19:40:52.891, NVIDIA A100 80GB PCIe, 99 %, 76 %, 76935 MiB, 81920 MiB, 293.46 W, 61
2026/04/29 19:40:53.891, NVIDIA A100 80GB PCIe, 99 %, 77 %, 76935 MiB, 81920 MiB, 289.49 W, 61
2026/04/29 19:40:54.891, NVIDIA A100 80GB PCIe, 99 %, 77 %, 76935 MiB, 81920 MiB, 291.80 W, 61
2026/04/29 19:40:55.892, NVIDIA A100 80GB PCIe, 99 %, 77 %, 76935 MiB, 81920 MiB, 278.03 W, 61
2026/04/29 19:40:56.892, NVIDIA A100 80GB PCIe, 99 %, 76 %, 76935 MiB, 81920 MiB, 277.26 W, 61
2026/04/29 19:40:57.892, NVIDIA A100 80GB PCIe, 99 %, 77 %, 76935 MiB, 81920 MiB, 280.25 W, 61
2026/04/29 19:40:58.892, NVIDIA A100 80GB PCIe, 99 %, 77 %, 76935 MiB, 81920 MiB, 285.44 W, 61
2026/04/29 19:40:59.893, NVIDIA A100 80GB PCIe, 99 %, 78 %, 76935 MiB, 81920 MiB, 291.79 W, 61
2026/04/29 19:41:00.893, NVIDIA A100 80GB PCIe, 99 %, 77 %, 76935 MiB, 81920 MiB, 288.16 W, 61
2026/04/29 19:41:01.893, NVIDIA A100 80GB PCIe, 99 %, 78 %, 76935 MiB, 81920 MiB, 291.72 W, 61
2026/04/29 19:41:02.893, NVIDIA A100 80GB PCIe, 99 %, 77 %, 76935 MiB, 81920 MiB, 291.52 W, 61
2026/04/29 19:41:03.894, NVIDIA A100 80GB PCIe, 99 %, 77 %, 76935 MiB, 81920 MiB, 291.14 W, 61
2026/04/29 19:41:04.894, NVIDIA A100 80GB PCIe, 99 %, 77 %, 76935 MiB, 81920 MiB, 289.42 W, 61
2026/04/29 19:41:05.894, NVIDIA A100 80GB PCIe, 99 %, 77 %, 76935 MiB, 81920 MiB, 290.75 W, 61
2026/04/29 19:41:06.894, NVIDIA A100 80GB PCIe, 99 %, 77 %, 76935 MiB, 81920 MiB, 292.76 W, 61
2026/04/29 19:41:07.895, NVIDIA A100 80GB PCIe, 99 %, 77 %, 76935 MiB, 81920 MiB, 292.10 W, 61
2026/04/29 19:41:08.895, NVIDIA A100 80GB PCIe, 99 %, 77 %, 76935 MiB, 81920 MiB, 294.51 W, 61
2026/04/29 19:41:09.895, NVIDIA A100 80GB PCIe, 99 %, 77 %, 76935 MiB, 81920 MiB, 290.07 W, 61
2026/04/29 19:41:10.895, NVIDIA A100 80GB PCIe, 99 %, 78 %, 76935 MiB, 81920 MiB, 294.88 W, 61
2026/04/29 19:41:11.895, NVIDIA A100 80GB PCIe, 99 %, 78 %, 76935 MiB, 81920 MiB, 291.91 W, 61
2026/04/29 19:41:12.896, NVIDIA A100 80GB PCIe, 99 %, 77 %, 76935 MiB, 81920 MiB, 289.67 W, 61
2026/04/29 19:41:13.896, NVIDIA A100 80GB PCIe, 99 %, 78 %, 76935 MiB, 81920 MiB, 294.12 W, 61
2026/04/29 19:41:14.896, NVIDIA A100 80GB PCIe, 99 %, 77 %, 76935 MiB, 81920 MiB, 294.88 W, 61
2026/04/29 19:41:15.896, NVIDIA A100 80GB PCIe, 99 %, 77 %, 76935 MiB, 81920 MiB, 278.41 W, 61
2026/04/29 19:41:16.897, NVIDIA A100 80GB PCIe, 99 %, 76 %, 76935 MiB, 81920 MiB, 277.55 W, 61
2026/04/29 19:41:17.897, NVIDIA A100 80GB PCIe, 99 %, 78 %, 76935 MiB, 81920 MiB, 290.94 W, 61
2026/04/29 19:41:18.897, NVIDIA A100 80GB PCIe, 99 %, 77 %, 76935 MiB, 81920 MiB, 285.75 W, 61
2026/04/29 19:41:19.898, NVIDIA A100 80GB PCIe, 99 %, 77 %, 76935 MiB, 81920 MiB, 285.83 W, 61
2026/04/29 19:41:20.898, NVIDIA A100 80GB PCIe, 99 %, 77 %, 76935 MiB, 81920 MiB, 296.14 W, 61
2026/04/29 19:41:21.898, NVIDIA A100 80GB PCIe, 99 %, 77 %, 76935 MiB, 81920 MiB, 291.15 W, 61
2026/04/29 19:41:22.898, NVIDIA A100 80GB PCIe, 99 %, 77 %, 76935 MiB, 81920 MiB, 292.01 W, 61
2026/04/29 19:41:23.899, NVIDIA A100 80GB PCIe, 99 %, 77 %, 76935 MiB, 81920 MiB, 291.23 W, 61
2026/04/29 19:41:24.899, NVIDIA A100 80GB PCIe, 99 %, 78 %, 76935 MiB, 81920 MiB, 292.87 W, 61
2026/04/29 19:41:25.899, NVIDIA A100 80GB PCIe, 99 %, 77 %, 76935 MiB, 81920 MiB, 292.48 W, 61
2026/04/29 19:41:26.899, NVIDIA A100 80GB PCIe, 99 %, 76 %, 76935 MiB, 81920 MiB, 292.66 W, 61
2026/04/29 19:41:27.900, NVIDIA A100 80GB PCIe, 99 %, 77 %, 76935 MiB, 81920 MiB, 289.89 W, 61
2026/04/29 19:41:28.900, NVIDIA A100 80GB PCIe, 99 %, 77 %, 76935 MiB, 81920 MiB, 292.57 W, 61
2026/04/29 19:41:29.900, NVIDIA A100 80GB PCIe, 99 %, 77 %, 76935 MiB, 81920 MiB, 290.16 W, 61
2026/04/29 19:41:30.900, NVIDIA A100 80GB PCIe, 99 %, 77 %, 76935 MiB, 81920 MiB, 294.48 W, 61
2026/04/29 19:41:31.900, NVIDIA A100 80GB PCIe, 99 %, 77 %, 76935 MiB, 81920 MiB, 292.67 W, 61
2026/04/29 19:41:32.901, NVIDIA A100 80GB PCIe, 99 %, 76 %, 76935 MiB, 81920 MiB, 290.95 W, 61
2026/04/29 19:41:33.901, NVIDIA A100 80GB PCIe, 99 %, 77 %, 76935 MiB, 81920 MiB, 295.54 W, 61
2026/04/29 19:41:34.901, NVIDIA A100 80GB PCIe, 99 %, 76 %, 76935 MiB, 81920 MiB, 284.20 W, 61
2026/04/29 19:41:35.901, NVIDIA A100 80GB PCIe, 99 %, 78 %, 76935 MiB, 81920 MiB, 291.92 W, 61
2026/04/29 19:41:36.902, NVIDIA A100 80GB PCIe, 99 %, 87 %, 76935 MiB, 81920 MiB, 267.32 W, 61
2026/04/29 19:41:37.902, NVIDIA A100 80GB PCIe, 99 %, 76 %, 76935 MiB, 81920 MiB, 289.70 W, 62
2026/04/29 19:41:38.902, NVIDIA A100 80GB PCIe, 99 %, 76 %, 76935 MiB, 81920 MiB, 301.22 W, 61
2026/04/29 19:41:39.902, NVIDIA A100 80GB PCIe, 99 %, 76 %, 76935 MiB, 81920 MiB, 292.46 W, 61
2026/04/29 19:41:40.903, NVIDIA A100 80GB PCIe, 99 %, 76 %, 76935 MiB, 81920 MiB, 294.42 W, 62
2026/04/29 19:41:41.903, NVIDIA A100 80GB PCIe, 99 %, 76 %, 76935 MiB, 81920 MiB, 296.05 W, 62
2026/04/29 19:41:42.903, NVIDIA A100 80GB PCIe, 99 %, 76 %, 76935 MiB, 81920 MiB, 296.43 W, 62
2026/04/29 19:41:43.903, NVIDIA A100 80GB PCIe, 98 %, 76 %, 76935 MiB, 81920 MiB, 292.60 W, 61
2026/04/29 19:41:44.903, NVIDIA A100 80GB PCIe, 99 %, 76 %, 76935 MiB, 81920 MiB, 279.41 W, 62
2026/04/29 19:41:45.904, NVIDIA A100 80GB PCIe, 99 %, 76 %, 76935 MiB, 81920 MiB, 292.94 W, 62
2026/04/29 19:41:46.904, NVIDIA A100 80GB PCIe, 99 %, 76 %, 76935 MiB, 81920 MiB, 289.29 W, 62
2026/04/29 19:41:47.904, NVIDIA A100 80GB PCIe, 99 %, 76 %, 76935 MiB, 81920 MiB, 296.03 W, 62
2026/04/29 19:41:48.904, NVIDIA A100 80GB PCIe, 99 %, 76 %, 76935 MiB, 81920 MiB, 298.04 W, 62
2026/04/29 19:41:49.905, NVIDIA A100 80GB PCIe, 99 %, 76 %, 76935 MiB, 81920 MiB, 293.63 W, 62
2026/04/29 19:41:50.905, NVIDIA A100 80GB PCIe, 99 %, 76 %, 76935 MiB, 81920 MiB, 299.49 W, 62
2026/04/29 19:41:51.906, NVIDIA A100 80GB PCIe, 99 %, 76 %, 76935 MiB, 81920 MiB, 301.23 W, 62
2026/04/29 19:41:52.906, NVIDIA A100 80GB PCIe, 99 %, 76 %, 76935 MiB, 81920 MiB, 298.08 W, 62
2026/04/29 19:41:53.906, NVIDIA A100 80GB PCIe, 99 %, 76 %, 76935 MiB, 81920 MiB, 300.68 W, 62
2026/04/29 19:41:54.906, NVIDIA A100 80GB PCIe, 99 %, 76 %, 76935 MiB, 81920 MiB, 294.88 W, 62
2026/04/29 19:41:55.907, NVIDIA A100 80GB PCIe, 99 %, 76 %, 76935 MiB, 81920 MiB, 285.16 W, 62
2026/04/29 19:41:56.907, NVIDIA A100 80GB PCIe, 99 %, 76 %, 76935 MiB, 81920 MiB, 292.18 W, 62
2026/04/29 19:41:57.907, NVIDIA A100 80GB PCIe, 99 %, 76 %, 76935 MiB, 81920 MiB, 293.55 W, 62
2026/04/29 19:41:58.907, NVIDIA A100 80GB PCIe, 98 %, 76 %, 76935 MiB, 81920 MiB, 293.06 W, 62
2026/04/29 19:41:59.908, NVIDIA A100 80GB PCIe, 99 %, 76 %, 76935 MiB, 81920 MiB, 296.52 W, 62
2026/04/29 19:42:00.908, NVIDIA A100 80GB PCIe, 99 %, 76 %, 76935 MiB, 81920 MiB, 297.88 W, 62
2026/04/29 19:42:01.908, NVIDIA A100 80GB PCIe, 99 %, 76 %, 76935 MiB, 81920 MiB, 296.62 W, 62
2026/04/29 19:42:02.908, NVIDIA A100 80GB PCIe, 99 %, 76 %, 76935 MiB, 81920 MiB, 299.49 W, 62
2026/04/29 19:42:03.909, NVIDIA A100 80GB PCIe, 99 %, 76 %, 76935 MiB, 81920 MiB, 292.88 W, 62
2026/04/29 19:42:04.909, NVIDIA A100 80GB PCIe, 99 %, 76 %, 76935 MiB, 81920 MiB, 292.98 W, 62
2026/04/29 19:42:05.909, NVIDIA A100 80GB PCIe, 99 %, 76 %, 76935 MiB, 81920 MiB, 277.55 W, 62
2026/04/29 19:42:06.909, NVIDIA A100 80GB PCIe, 99 %, 76 %, 76935 MiB, 81920 MiB, 291.34 W, 62
2026/04/29 19:42:07.910, NVIDIA A100 80GB PCIe, 99 %, 76 %, 76935 MiB, 81920 MiB, 294.79 W, 62
2026/04/29 19:42:08.910, NVIDIA A100 80GB PCIe, 99 %, 76 %, 76935 MiB, 81920 MiB, 299.21 W, 62
2026/04/29 19:42:09.910, NVIDIA A100 80GB PCIe, 99 %, 76 %, 76935 MiB, 81920 MiB, 297.09 W, 62
2026/04/29 19:42:10.910, NVIDIA A100 80GB PCIe, 99 %, 76 %, 76935 MiB, 81920 MiB, 298.55 W, 62
2026/04/29 19:42:11.910, NVIDIA A100 80GB PCIe, 99 %, 76 %, 76935 MiB, 81920 MiB, 299.80 W, 62
2026/04/29 19:42:12.911, NVIDIA A100 80GB PCIe, 99 %, 76 %, 76935 MiB, 81920 MiB, 302.65 W, 62
2026/04/29 19:42:13.911, NVIDIA A100 80GB PCIe, 99 %, 76 %, 76935 MiB, 81920 MiB, 283.15 W, 63
2026/04/29 19:42:14.911, NVIDIA A100 80GB PCIe, 99 %, 76 %, 76935 MiB, 81920 MiB, 294.10 W, 63
2026/04/29 19:42:15.911, NVIDIA A100 80GB PCIe, 99 %, 76 %, 76935 MiB, 81920 MiB, 288.84 W, 63
2026/04/29 19:42:16.912, NVIDIA A100 80GB PCIe, 99 %, 76 %, 76935 MiB, 81920 MiB, 295.56 W, 63
2026/04/29 19:42:17.912, NVIDIA A100 80GB PCIe, 99 %, 76 %, 76935 MiB, 81920 MiB, 290.75 W, 63
2026/04/29 19:42:18.912, NVIDIA A100 80GB PCIe, 99 %, 76 %, 76935 MiB, 81920 MiB, 294.51 W, 63
2026/04/29 19:42:19.912, NVIDIA A100 80GB PCIe, 99 %, 75 %, 76935 MiB, 81920 MiB, 302.38 W, 63
2026/04/29 19:42:20.913, NVIDIA A100 80GB PCIe, 99 %, 76 %, 76935 MiB, 81920 MiB, 305.36 W, 64
2026/04/29 19:42:21.913, NVIDIA A100 80GB PCIe, 99 %, 76 %, 76935 MiB, 81920 MiB, 295.94 W, 64
2026/04/29 19:42:22.913, NVIDIA A100 80GB PCIe, 99 %, 76 %, 76935 MiB, 81920 MiB, 295.07 W, 64
2026/04/29 19:42:23.913, NVIDIA A100 80GB PCIe, 99 %, 76 %, 76935 MiB, 81920 MiB, 299.01 W, 64
2026/04/29 19:42:24.914, NVIDIA A100 80GB PCIe, 99 %, 76 %, 76935 MiB, 81920 MiB, 283.81 W, 64
2026/04/29 19:42:25.914, NVIDIA A100 80GB PCIe, 99 %, 76 %, 76935 MiB, 81920 MiB, 297.39 W, 64
2026/04/29 19:42:26.914, NVIDIA A100 80GB PCIe, 99 %, 76 %, 76935 MiB, 81920 MiB, 310.24 W, 64
2026/04/29 19:42:27.914, NVIDIA A100 80GB PCIe, 99 %, 76 %, 76935 MiB, 81920 MiB, 308.42 W, 65
2026/04/29 19:42:28.914, NVIDIA A100 80GB PCIe, 99 %, 76 %, 76935 MiB, 81920 MiB, 294.31 W, 65
2026/04/29 19:42:29.915, NVIDIA A100 80GB PCIe, 99 %, 76 %, 76935 MiB, 81920 MiB, 300.27 W, 65
2026/04/29 19:42:30.915, NVIDIA A100 80GB PCIe, 99 %, 76 %, 76935 MiB, 81920 MiB, 286.83 W, 65
2026/04/29 19:42:31.915, NVIDIA A100 80GB PCIe, 98 %, 76 %, 76935 MiB, 81920 MiB, 278.54 W, 65
2026/04/29 19:42:32.916, NVIDIA A100 80GB PCIe, 99 %, 76 %, 76935 MiB, 81920 MiB, 302.38 W, 65
2026/04/29 19:42:33.916, NVIDIA A100 80GB PCIe, 98 %, 76 %, 76935 MiB, 81920 MiB, 298.15 W, 65
2026/04/29 19:42:34.916, NVIDIA A100 80GB PCIe, 99 %, 76 %, 76935 MiB, 81920 MiB, 293.08 W, 65
2026/04/29 19:42:35.916, NVIDIA A100 80GB PCIe, 99 %, 76 %, 76935 MiB, 81920 MiB, 298.26 W, 64
2026/04/29 19:42:36.917, NVIDIA A100 80GB PCIe, 99 %, 76 %, 76935 MiB, 81920 MiB, 292.11 W, 64
2026/04/29 19:42:37.917, NVIDIA A100 80GB PCIe, 99 %, 74 %, 76935 MiB, 81920 MiB, 272.79 W, 64
2026/04/29 19:42:38.917, NVIDIA A100 80GB PCIe, 99 %, 74 %, 76935 MiB, 81920 MiB, 287.56 W, 64
2026/04/29 19:42:39.917, NVIDIA A100 80GB PCIe, 98 %, 74 %, 76935 MiB, 81920 MiB, 287.18 W, 64
2026/04/29 19:42:40.918, NVIDIA A100 80GB PCIe, 99 %, 74 %, 76935 MiB, 81920 MiB, 285.09 W, 64
2026/04/29 19:42:41.918, NVIDIA A100 80GB PCIe, 99 %, 74 %, 76935 MiB, 81920 MiB, 280.64 W, 64
2026/04/29 19:42:42.918, NVIDIA A100 80GB PCIe, 98 %, 74 %, 76935 MiB, 81920 MiB, 297.57 W, 64
2026/04/29 19:42:43.918, NVIDIA A100 80GB PCIe, 99 %, 74 %, 76935 MiB, 81920 MiB, 293.92 W, 64
2026/04/29 19:42:44.918, NVIDIA A100 80GB PCIe, 99 %, 74 %, 76935 MiB, 81920 MiB, 288.43 W, 64
2026/04/29 19:42:45.919, NVIDIA A100 80GB PCIe, 98 %, 74 %, 76935 MiB, 81920 MiB, 307.00 W, 64
2026/04/29 19:42:46.919, NVIDIA A100 80GB PCIe, 98 %, 74 %, 76935 MiB, 81920 MiB, 294.14 W, 64
2026/04/29 19:42:47.919, NVIDIA A100 80GB PCIe, 98 %, 73 %, 76935 MiB, 81920 MiB, 289.99 W, 64
2026/04/29 19:42:48.919, NVIDIA A100 80GB PCIe, 98 %, 74 %, 76935 MiB, 81920 MiB, 290.94 W, 64
2026/04/29 19:42:49.919, NVIDIA A100 80GB PCIe, 99 %, 74 %, 76935 MiB, 81920 MiB, 297.37 W, 63
2026/04/29 19:42:50.920, NVIDIA A100 80GB PCIe, 99 %, 73 %, 76935 MiB, 81920 MiB, 302.95 W, 63
2026/04/29 19:42:51.920, NVIDIA A100 80GB PCIe, 98 %, 73 %, 76935 MiB, 81920 MiB, 297.00 W, 63
2026/04/29 19:42:52.920, NVIDIA A100 80GB PCIe, 98 %, 74 %, 76935 MiB, 81920 MiB, 295.74 W, 63
2026/04/29 19:42:53.921, NVIDIA A100 80GB PCIe, 98 %, 74 %, 76935 MiB, 81920 MiB, 280.45 W, 63
2026/04/29 19:42:54.921, NVIDIA A100 80GB PCIe, 98 %, 74 %, 76935 MiB, 81920 MiB, 287.00 W, 63
2026/04/29 19:42:55.921, NVIDIA A100 80GB PCIe, 98 %, 74 %, 76935 MiB, 81920 MiB, 284.12 W, 63
2026/04/29 19:42:56.921, NVIDIA A100 80GB PCIe, 99 %, 74 %, 76935 MiB, 81920 MiB, 297.01 W, 63
2026/04/29 19:42:57.921, NVIDIA A100 80GB PCIe, 99 %, 74 %, 76935 MiB, 81920 MiB, 272.09 W, 63
2026/04/29 19:42:58.922, NVIDIA A100 80GB PCIe, 99 %, 73 %, 76935 MiB, 81920 MiB, 290.68 W, 63
2026/04/29 19:42:59.922, NVIDIA A100 80GB PCIe, 99 %, 73 %, 76935 MiB, 81920 MiB, 294.97 W, 63
2026/04/29 19:43:00.922, NVIDIA A100 80GB PCIe, 99 %, 74 %, 76935 MiB, 81920 MiB, 287.40 W, 63
2026/04/29 19:43:01.922, NVIDIA A100 80GB PCIe, 99 %, 74 %, 76935 MiB, 81920 MiB, 281.43 W, 63
2026/04/29 19:43:02.923, NVIDIA A100 80GB PCIe, 99 %, 74 %, 76935 MiB, 81920 MiB, 298.71 W, 63
2026/04/29 19:43:03.923, NVIDIA A100 80GB PCIe, 99 %, 74 %, 76935 MiB, 81920 MiB, 284.61 W, 63
2026/04/29 19:43:04.923, NVIDIA A100 80GB PCIe, 99 %, 74 %, 76935 MiB, 81920 MiB, 300.27 W, 63
2026/04/29 19:43:05.923, NVIDIA A100 80GB PCIe, 99 %, 74 %, 76935 MiB, 81920 MiB, 291.43 W, 63
2026/04/29 19:43:06.923, NVIDIA A100 80GB PCIe, 99 %, 73 %, 76935 MiB, 81920 MiB, 294.22 W, 63
2026/04/29 19:43:07.924, NVIDIA A100 80GB PCIe, 99 %, 74 %, 76935 MiB, 81920 MiB, 302.86 W, 63
2026/04/29 19:43:08.924, NVIDIA A100 80GB PCIe, 98 %, 74 %, 76935 MiB, 81920 MiB, 287.97 W, 63
2026/04/29 19:43:09.924, NVIDIA A100 80GB PCIe, 99 %, 73 %, 76935 MiB, 81920 MiB, 294.69 W, 63
2026/04/29 19:43:10.925, NVIDIA A100 80GB PCIe, 98 %, 74 %, 76935 MiB, 81920 MiB, 297.10 W, 63
2026/04/29 19:43:11.925, NVIDIA A100 80GB PCIe, 98 %, 74 %, 76935 MiB, 81920 MiB, 298.81 W, 63
2026/04/29 19:43:12.925, NVIDIA A100 80GB PCIe, 98 %, 74 %, 76935 MiB, 81920 MiB, 290.84 W, 63
2026/04/29 19:43:13.925, NVIDIA A100 80GB PCIe, 98 %, 73 %, 76935 MiB, 81920 MiB, 296.80 W, 63
2026/04/29 19:43:14.926, NVIDIA A100 80GB PCIe, 98 %, 73 %, 76935 MiB, 81920 MiB, 290.46 W, 63
2026/04/29 19:43:15.926, NVIDIA A100 80GB PCIe, 98 %, 74 %, 76935 MiB, 81920 MiB, 296.52 W, 63
2026/04/29 19:43:16.926, NVIDIA A100 80GB PCIe, 98 %, 74 %, 76935 MiB, 81920 MiB, 277.38 W, 63
2026/04/29 19:43:17.926, NVIDIA A100 80GB PCIe, 98 %, 74 %, 76935 MiB, 81920 MiB, 284.97 W, 63
2026/04/29 19:43:18.926, NVIDIA A100 80GB PCIe, 98 %, 73 %, 76935 MiB, 81920 MiB, 290.85 W, 63
2026/04/29 19:43:19.927, NVIDIA A100 80GB PCIe, 98 %, 74 %, 76935 MiB, 81920 MiB, 287.68 W, 63
2026/04/29 19:43:20.927, NVIDIA A100 80GB PCIe, 98 %, 74 %, 76935 MiB, 81920 MiB, 300.06 W, 62
2026/04/29 19:43:21.927, NVIDIA A100 80GB PCIe, 98 %, 73 %, 76935 MiB, 81920 MiB, 305.55 W, 62
2026/04/29 19:43:22.927, NVIDIA A100 80GB PCIe, 98 %, 74 %, 76935 MiB, 81920 MiB, 287.77 W, 62
2026/04/29 19:43:23.928, NVIDIA A100 80GB PCIe, 98 %, 73 %, 76935 MiB, 81920 MiB, 290.27 W, 62
2026/04/29 19:43:24.928, NVIDIA A100 80GB PCIe, 98 %, 74 %, 76935 MiB, 81920 MiB, 289.13 W, 62
2026/04/29 19:43:25.928, NVIDIA A100 80GB PCIe, 98 %, 74 %, 76935 MiB, 81920 MiB, 292.10 W, 62
2026/04/29 19:43:26.928, NVIDIA A100 80GB PCIe, 98 %, 74 %, 76935 MiB, 81920 MiB, 296.13 W, 62
2026/04/29 19:43:27.928, NVIDIA A100 80GB PCIe, 98 %, 73 %, 76935 MiB, 81920 MiB, 303.15 W, 62
2026/04/29 19:43:28.929, NVIDIA A100 80GB PCIe, 98 %, 74 %, 76935 MiB, 81920 MiB, 286.02 W, 62
2026/04/29 19:43:29.929, NVIDIA A100 80GB PCIe, 98 %, 74 %, 76935 MiB, 81920 MiB, 300.65 W, 63
2026/04/29 19:43:30.929, NVIDIA A100 80GB PCIe, 98 %, 74 %, 76935 MiB, 81920 MiB, 291.71 W, 62
2026/04/29 19:43:31.929, NVIDIA A100 80GB PCIe, 98 %, 74 %, 76935 MiB, 81920 MiB, 295.09 W, 62
2026/04/29 19:43:32.930, NVIDIA A100 80GB PCIe, 98 %, 74 %, 76935 MiB, 81920 MiB, 294.21 W, 62
2026/04/29 19:43:33.930, NVIDIA A100 80GB PCIe, 99 %, 74 %, 76935 MiB, 81920 MiB, 276.21 W, 62
2026/04/29 19:43:34.930, NVIDIA A100 80GB PCIe, 98 %, 74 %, 76935 MiB, 81920 MiB, 282.47 W, 62
2026/04/29 19:43:35.930, NVIDIA A100 80GB PCIe, 98 %, 74 %, 76935 MiB, 81920 MiB, 277.86 W, 63
2026/04/29 19:43:36.930, NVIDIA A100 80GB PCIe, 99 %, 75 %, 76935 MiB, 81920 MiB, 289.39 W, 62
2026/04/29 19:43:37.931, NVIDIA A100 80GB PCIe, 99 %, 80 %, 76935 MiB, 81920 MiB, 296.05 W, 62
2026/04/29 19:43:38.931, NVIDIA A100 80GB PCIe, 99 %, 74 %, 76935 MiB, 81920 MiB, 296.42 W, 62
2026/04/29 19:43:39.931, NVIDIA A100 80GB PCIe, 99 %, 72 %, 76935 MiB, 81920 MiB, 308.39 W, 62
2026/04/29 19:43:40.931, NVIDIA A100 80GB PCIe, 99 %, 72 %, 76935 MiB, 81920 MiB, 285.65 W, 63
2026/04/29 19:43:41.931, NVIDIA A100 80GB PCIe, 99 %, 72 %, 76935 MiB, 81920 MiB, 309.13 W, 62
2026/04/29 19:43:42.932, NVIDIA A100 80GB PCIe, 99 %, 72 %, 76935 MiB, 81920 MiB, 300.47 W, 63
2026/04/29 19:43:43.932, NVIDIA A100 80GB PCIe, 99 %, 72 %, 76935 MiB, 81920 MiB, 290.08 W, 62
2026/04/29 19:43:44.932, NVIDIA A100 80GB PCIe, 99 %, 72 %, 76935 MiB, 81920 MiB, 302.94 W, 63
2026/04/29 19:43:45.932, NVIDIA A100 80GB PCIe, 98 %, 71 %, 76935 MiB, 81920 MiB, 299.34 W, 63
2026/04/29 19:43:46.932, NVIDIA A100 80GB PCIe, 99 %, 72 %, 76935 MiB, 81920 MiB, 301.50 W, 63
2026/04/29 19:43:47.933, NVIDIA A100 80GB PCIe, 99 %, 72 %, 76935 MiB, 81920 MiB, 299.68 W, 63
2026/04/29 19:43:48.933, NVIDIA A100 80GB PCIe, 99 %, 72 %, 76935 MiB, 81920 MiB, 303.54 W, 63
2026/04/29 19:43:49.933, NVIDIA A100 80GB PCIe, 99 %, 72 %, 76935 MiB, 81920 MiB, 288.05 W, 63
2026/04/29 19:43:50.933, NVIDIA A100 80GB PCIe, 99 %, 71 %, 76935 MiB, 81920 MiB, 289.53 W, 63
2026/04/29 19:43:51.934, NVIDIA A100 80GB PCIe, 98 %, 72 %, 76935 MiB, 81920 MiB, 286.71 W, 63
2026/04/29 19:43:52.934, NVIDIA A100 80GB PCIe, 98 %, 72 %, 76935 MiB, 81920 MiB, 301.03 W, 63
2026/04/29 19:43:53.934, NVIDIA A100 80GB PCIe, 99 %, 72 %, 76935 MiB, 81920 MiB, 290.47 W, 63
2026/04/29 19:43:54.934, NVIDIA A100 80GB PCIe, 99 %, 73 %, 76935 MiB, 81920 MiB, 300.76 W, 63
2026/04/29 19:43:55.934, NVIDIA A100 80GB PCIe, 99 %, 72 %, 76935 MiB, 81920 MiB, 285.84 W, 63
2026/04/29 19:43:56.935, NVIDIA A100 80GB PCIe, 99 %, 72 %, 76935 MiB, 81920 MiB, 297.57 W, 63
2026/04/29 19:43:57.935, NVIDIA A100 80GB PCIe, 99 %, 73 %, 76935 MiB, 81920 MiB, 286.05 W, 63
2026/04/29 19:43:58.935, NVIDIA A100 80GB PCIe, 99 %, 72 %, 76935 MiB, 81920 MiB, 301.51 W, 63
2026/04/29 19:43:59.935, NVIDIA A100 80GB PCIe, 99 %, 72 %, 76935 MiB, 81920 MiB, 298.44 W, 63
2026/04/29 19:44:00.935, NVIDIA A100 80GB PCIe, 99 %, 72 %, 76935 MiB, 81920 MiB, 299.49 W, 63
2026/04/29 19:44:01.936, NVIDIA A100 80GB PCIe, 99 %, 72 %, 76935 MiB, 81920 MiB, 295.16 W, 63
2026/04/29 19:44:02.936, NVIDIA A100 80GB PCIe, 99 %, 72 %, 76935 MiB, 81920 MiB, 304.48 W, 63
2026/04/29 19:44:03.936, NVIDIA A100 80GB PCIe, 98 %, 72 %, 76935 MiB, 81920 MiB, 289.96 W, 63
2026/04/29 19:44:04.936, NVIDIA A100 80GB PCIe, 99 %, 72 %, 76935 MiB, 81920 MiB, 294.35 W, 63
2026/04/29 19:44:05.937, NVIDIA A100 80GB PCIe, 99 %, 72 %, 76935 MiB, 81920 MiB, 284.60 W, 63
2026/04/29 19:44:06.937, NVIDIA A100 80GB PCIe, 99 %, 72 %, 76935 MiB, 81920 MiB, 285.94 W, 63
2026/04/29 19:44:07.937, NVIDIA A100 80GB PCIe, 99 %, 72 %, 76935 MiB, 81920 MiB, 288.23 W, 63
2026/04/29 19:44:08.937, NVIDIA A100 80GB PCIe, 99 %, 72 %, 76935 MiB, 81920 MiB, 281.22 W, 63
2026/04/29 19:44:09.938, NVIDIA A100 80GB PCIe, 99 %, 72 %, 76935 MiB, 81920 MiB, 285.55 W, 63
2026/04/29 19:44:10.938, NVIDIA A100 80GB PCIe, 99 %, 72 %, 76935 MiB, 81920 MiB, 292.76 W, 63
2026/04/29 19:44:11.938, NVIDIA A100 80GB PCIe, 99 %, 72 %, 76935 MiB, 81920 MiB, 289.98 W, 63
2026/04/29 19:44:12.938, NVIDIA A100 80GB PCIe, 99 %, 72 %, 76935 MiB, 81920 MiB, 298.34 W, 63
2026/04/29 19:44:13.939, NVIDIA A100 80GB PCIe, 99 %, 72 %, 76935 MiB, 81920 MiB, 295.09 W, 63
2026/04/29 19:44:14.940, NVIDIA A100 80GB PCIe, 99 %, 72 %, 76935 MiB, 81920 MiB, 289.89 W, 63
2026/04/29 19:44:15.940, NVIDIA A100 80GB PCIe, 99 %, 72 %, 76935 MiB, 81920 MiB, 293.64 W, 63
2026/04/29 19:44:16.940, NVIDIA A100 80GB PCIe, 99 %, 72 %, 76935 MiB, 81920 MiB, 297.70 W, 63
2026/04/29 19:44:17.940, NVIDIA A100 80GB PCIe, 99 %, 72 %, 76935 MiB, 81920 MiB, 297.20 W, 63
2026/04/29 19:44:18.940, NVIDIA A100 80GB PCIe, 99 %, 72 %, 76935 MiB, 81920 MiB, 304.50 W, 63
2026/04/29 19:44:19.941, NVIDIA A100 80GB PCIe, 99 %, 72 %, 76935 MiB, 81920 MiB, 293.65 W, 63
2026/04/29 19:44:20.941, NVIDIA A100 80GB PCIe, 99 %, 72 %, 76935 MiB, 81920 MiB, 296.13 W, 63
2026/04/29 19:44:21.941, NVIDIA A100 80GB PCIe, 98 %, 72 %, 76935 MiB, 81920 MiB, 298.45 W, 63
2026/04/29 19:44:22.941, NVIDIA A100 80GB PCIe, 99 %, 72 %, 76935 MiB, 81920 MiB, 291.92 W, 63
2026/04/29 19:44:23.942, NVIDIA A100 80GB PCIe, 99 %, 72 %, 76935 MiB, 81920 MiB, 281.33 W, 63
2026/04/29 19:44:24.942, NVIDIA A100 80GB PCIe, 99 %, 72 %, 76935 MiB, 81920 MiB, 283.54 W, 63
2026/04/29 19:44:25.942, NVIDIA A100 80GB PCIe, 99 %, 72 %, 76935 MiB, 81920 MiB, 284.30 W, 63
2026/04/29 19:44:26.942, NVIDIA A100 80GB PCIe, 99 %, 72 %, 76935 MiB, 81920 MiB, 289.02 W, 63
2026/04/29 19:44:27.942, NVIDIA A100 80GB PCIe, 99 %, 72 %, 76935 MiB, 81920 MiB, 282.77 W, 63
2026/04/29 19:44:28.943, NVIDIA A100 80GB PCIe, 98 %, 72 %, 76935 MiB, 81920 MiB, 292.30 W, 63
2026/04/29 19:44:29.943, NVIDIA A100 80GB PCIe, 99 %, 72 %, 76935 MiB, 81920 MiB, 310.76 W, 63
2026/04/29 19:44:30.943, NVIDIA A100 80GB PCIe, 99 %, 72 %, 76935 MiB, 81920 MiB, 296.63 W, 63
2026/04/29 19:44:31.943, NVIDIA A100 80GB PCIe, 99 %, 72 %, 76935 MiB, 81920 MiB, 296.64 W, 63
2026/04/29 19:44:32.943, NVIDIA A100 80GB PCIe, 99 %, 72 %, 76935 MiB, 81920 MiB, 296.90 W, 63
2026/04/29 19:44:33.944, NVIDIA A100 80GB PCIe, 98 %, 72 %, 76935 MiB, 81920 MiB, 288.93 W, 62
2026/04/29 19:44:34.944, NVIDIA A100 80GB PCIe, 99 %, 72 %, 76935 MiB, 81920 MiB, 310.10 W, 63
2026/04/29 19:44:35.944, NVIDIA A100 80GB PCIe, 99 %, 72 %, 76935 MiB, 81920 MiB, 297.19 W, 63
2026/04/29 19:44:36.944, NVIDIA A100 80GB PCIe, 99 %, 72 %, 76935 MiB, 81920 MiB, 303.14 W, 62
2026/04/29 19:44:37.945, NVIDIA A100 80GB PCIe, 99 %, 71 %, 76935 MiB, 81920 MiB, 288.73 W, 63
2026/04/29 19:44:38.945, NVIDIA A100 80GB PCIe, 86 %, 72 %, 76935 MiB, 81920 MiB, 233.91 W, 62
2026/04/29 19:44:39.945, NVIDIA A100 80GB PCIe, 99 %, 70 %, 76935 MiB, 81920 MiB, 290.68 W, 63
2026/04/29 19:44:40.945, NVIDIA A100 80GB PCIe, 99 %, 66 %, 76935 MiB, 81920 MiB, 289.32 W, 63
2026/04/29 19:44:41.945, NVIDIA A100 80GB PCIe, 98 %, 65 %, 76935 MiB, 81920 MiB, 300.08 W, 63
2026/04/29 19:44:42.945, NVIDIA A100 80GB PCIe, 98 %, 66 %, 76935 MiB, 81920 MiB, 300.93 W, 63
2026/04/29 19:44:43.946, NVIDIA A100 80GB PCIe, 98 %, 65 %, 76935 MiB, 81920 MiB, 291.72 W, 63
2026/04/29 19:44:44.946, NVIDIA A100 80GB PCIe, 99 %, 66 %, 76935 MiB, 81920 MiB, 300.07 W, 63
2026/04/29 19:44:45.946, NVIDIA A100 80GB PCIe, 99 %, 65 %, 76935 MiB, 81920 MiB, 306.76 W, 63
2026/04/29 19:44:46.946, NVIDIA A100 80GB PCIe, 98 %, 66 %, 76935 MiB, 81920 MiB, 304.33 W, 63
2026/04/29 19:44:47.947, NVIDIA A100 80GB PCIe, 99 %, 66 %, 76935 MiB, 81920 MiB, 305.38 W, 63
2026/04/29 19:44:48.947, NVIDIA A100 80GB PCIe, 99 %, 65 %, 76935 MiB, 81920 MiB, 293.74 W, 63
2026/04/29 19:44:49.947, NVIDIA A100 80GB PCIe, 99 %, 65 %, 76935 MiB, 81920 MiB, 306.02 W, 63
2026/04/29 19:44:50.947, NVIDIA A100 80GB PCIe, 99 %, 66 %, 76935 MiB, 81920 MiB, 315.80 W, 63
2026/04/29 19:44:51.948, NVIDIA A100 80GB PCIe, 99 %, 66 %, 76935 MiB, 81920 MiB, 296.90 W, 63
2026/04/29 19:44:52.948, NVIDIA A100 80GB PCIe, 99 %, 66 %, 76935 MiB, 81920 MiB, 301.43 W, 63
2026/04/29 19:44:53.948, NVIDIA A100 80GB PCIe, 99 %, 66 %, 76935 MiB, 81920 MiB, 306.02 W, 63
2026/04/29 19:44:54.948, NVIDIA A100 80GB PCIe, 99 %, 66 %, 76935 MiB, 81920 MiB, 305.24 W, 63
2026/04/29 19:44:55.948, NVIDIA A100 80GB PCIe, 99 %, 67 %, 76935 MiB, 81920 MiB, 306.85 W, 63
2026/04/29 19:44:56.949, NVIDIA A100 80GB PCIe, 99 %, 66 %, 76935 MiB, 81920 MiB, 308.69 W, 63
2026/04/29 19:44:57.949, NVIDIA A100 80GB PCIe, 99 %, 66 %, 76935 MiB, 81920 MiB, 303.91 W, 63
2026/04/29 19:44:58.949, NVIDIA A100 80GB PCIe, 99 %, 65 %, 76935 MiB, 81920 MiB, 302.74 W, 63
2026/04/29 19:44:59.949, NVIDIA A100 80GB PCIe, 99 %, 66 %, 76935 MiB, 81920 MiB, 309.36 W, 63
2026/04/29 19:45:00.950, NVIDIA A100 80GB PCIe, 98 %, 66 %, 76935 MiB, 81920 MiB, 290.58 W, 63
2026/04/29 19:45:01.950, NVIDIA A100 80GB PCIe, 98 %, 65 %, 76935 MiB, 81920 MiB, 301.58 W, 63
2026/04/29 19:45:02.950, NVIDIA A100 80GB PCIe, 98 %, 66 %, 76935 MiB, 81920 MiB, 300.19 W, 63
2026/04/29 19:45:03.950, NVIDIA A100 80GB PCIe, 99 %, 66 %, 76935 MiB, 81920 MiB, 300.17 W, 63
2026/04/29 19:45:04.951, NVIDIA A100 80GB PCIe, 98 %, 66 %, 76935 MiB, 81920 MiB, 294.78 W, 63
2026/04/29 19:45:05.951, NVIDIA A100 80GB PCIe, 98 %, 66 %, 76935 MiB, 81920 MiB, 300.36 W, 63
2026/04/29 19:45:06.951, NVIDIA A100 80GB PCIe, 98 %, 66 %, 76935 MiB, 81920 MiB, 295.93 W, 63
2026/04/29 19:45:07.951, NVIDIA A100 80GB PCIe, 99 %, 66 %, 76935 MiB, 81920 MiB, 297.49 W, 63
2026/04/29 19:45:08.952, NVIDIA A100 80GB PCIe, 99 %, 66 %, 76935 MiB, 81920 MiB, 300.16 W, 63
2026/04/29 19:45:09.952, NVIDIA A100 80GB PCIe, 99 %, 66 %, 76935 MiB, 81920 MiB, 299.98 W, 63
2026/04/29 19:45:10.952, NVIDIA A100 80GB PCIe, 99 %, 66 %, 76935 MiB, 81920 MiB, 300.85 W, 63
2026/04/29 19:45:11.952, NVIDIA A100 80GB PCIe, 99 %, 66 %, 76935 MiB, 81920 MiB, 302.38 W, 63
2026/04/29 19:45:12.952, NVIDIA A100 80GB PCIe, 99 %, 66 %, 76935 MiB, 81920 MiB, 301.30 W, 63
2026/04/29 19:45:13.953, NVIDIA A100 80GB PCIe, 98 %, 66 %, 76935 MiB, 81920 MiB, 301.03 W, 63
2026/04/29 19:45:14.953, NVIDIA A100 80GB PCIe, 99 %, 66 %, 76935 MiB, 81920 MiB, 281.60 W, 63
2026/04/29 19:45:15.953, NVIDIA A100 80GB PCIe, 99 %, 65 %, 76935 MiB, 81920 MiB, 291.43 W, 63
2026/04/29 19:45:16.953, NVIDIA A100 80GB PCIe, 99 %, 65 %, 76935 MiB, 81920 MiB, 290.37 W, 64
2026/04/29 19:45:17.953, NVIDIA A100 80GB PCIe, 99 %, 66 %, 76935 MiB, 81920 MiB, 293.53 W, 64
2026/04/29 19:45:18.954, NVIDIA A100 80GB PCIe, 99 %, 66 %, 76935 MiB, 81920 MiB, 290.17 W, 64
2026/04/29 19:45:19.954, NVIDIA A100 80GB PCIe, 98 %, 66 %, 76935 MiB, 81920 MiB, 284.76 W, 64
2026/04/29 19:45:20.954, NVIDIA A100 80GB PCIe, 98 %, 66 %, 76935 MiB, 81920 MiB, 306.68 W, 64
2026/04/29 19:45:21.954, NVIDIA A100 80GB PCIe, 98 %, 66 %, 76935 MiB, 81920 MiB, 303.33 W, 65
2026/04/29 19:45:22.955, NVIDIA A100 80GB PCIe, 98 %, 65 %, 76935 MiB, 81920 MiB, 293.92 W, 65
2026/04/29 19:45:23.955, NVIDIA A100 80GB PCIe, 98 %, 65 %, 76935 MiB, 81920 MiB, 289.97 W, 65
2026/04/29 19:45:24.955, NVIDIA A100 80GB PCIe, 99 %, 65 %, 76935 MiB, 81920 MiB, 306.62 W, 66
2026/04/29 19:45:25.955, NVIDIA A100 80GB PCIe, 99 %, 65 %, 76935 MiB, 81920 MiB, 298.05 W, 66
2026/04/29 19:45:26.956, NVIDIA A100 80GB PCIe, 99 %, 66 %, 76935 MiB, 81920 MiB, 296.51 W, 66
2026/04/29 19:45:27.956, NVIDIA A100 80GB PCIe, 99 %, 66 %, 76935 MiB, 81920 MiB, 296.82 W, 66
2026/04/29 19:45:28.956, NVIDIA A100 80GB PCIe, 99 %, 66 %, 76935 MiB, 81920 MiB, 305.77 W, 67
2026/04/29 19:45:29.956, NVIDIA A100 80GB PCIe, 99 %, 66 %, 76935 MiB, 81920 MiB, 298.73 W, 67
2026/04/29 19:45:30.957, NVIDIA A100 80GB PCIe, 99 %, 65 %, 76935 MiB, 81920 MiB, 283.45 W, 67
2026/04/29 19:45:31.957, NVIDIA A100 80GB PCIe, 98 %, 66 %, 76935 MiB, 81920 MiB, 293.92 W, 67
2026/04/29 19:45:32.957, NVIDIA A100 80GB PCIe, 98 %, 65 %, 76935 MiB, 81920 MiB, 292.69 W, 68
2026/04/29 19:45:33.957, NVIDIA A100 80GB PCIe, 99 %, 65 %, 76935 MiB, 81920 MiB, 290.01 W, 68
2026/04/29 19:45:34.957, NVIDIA A100 80GB PCIe, 99 %, 66 %, 76935 MiB, 81920 MiB, 296.50 W, 68
2026/04/29 19:45:35.958, NVIDIA A100 80GB PCIe, 99 %, 66 %, 76935 MiB, 81920 MiB, 299.02 W, 68
2026/04/29 19:45:36.958, NVIDIA A100 80GB PCIe, 99 %, 65 %, 76935 MiB, 81920 MiB, 294.91 W, 68
2026/04/29 19:45:37.958, NVIDIA A100 80GB PCIe, 99 %, 65 %, 76935 MiB, 81920 MiB, 301.99 W, 68
2026/04/29 19:45:38.958, NVIDIA A100 80GB PCIe, 98 %, 65 %, 76935 MiB, 81920 MiB, 304.60 W, 68
2026/04/29 19:45:39.958, NVIDIA A100 80GB PCIe, 85 %, 72 %, 76935 MiB, 81920 MiB, 279.97 W, 67
2026/04/29 19:45:40.959, NVIDIA A100 80GB PCIe, 99 %, 63 %, 76935 MiB, 81920 MiB, 305.47 W, 68
2026/04/29 19:45:41.959, NVIDIA A100 80GB PCIe, 99 %, 63 %, 76935 MiB, 81920 MiB, 297.18 W, 68
2026/04/29 19:45:42.960, NVIDIA A100 80GB PCIe, 98 %, 62 %, 76935 MiB, 81920 MiB, 301.12 W, 67
2026/04/29 19:45:43.960, NVIDIA A100 80GB PCIe, 98 %, 62 %, 76935 MiB, 81920 MiB, 287.60 W, 67
2026/04/29 19:45:44.960, NVIDIA A100 80GB PCIe, 99 %, 62 %, 76935 MiB, 81920 MiB, 289.60 W, 67
2026/04/29 19:45:45.960, NVIDIA A100 80GB PCIe, 99 %, 62 %, 76935 MiB, 81920 MiB, 301.41 W, 67
2026/04/29 19:45:46.960, NVIDIA A100 80GB PCIe, 98 %, 61 %, 76935 MiB, 81920 MiB, 300.64 W, 67
2026/04/29 19:45:47.961, NVIDIA A100 80GB PCIe, 98 %, 61 %, 76935 MiB, 81920 MiB, 301.71 W, 67
2026/04/29 19:45:48.961, NVIDIA A100 80GB PCIe, 98 %, 62 %, 76935 MiB, 81920 MiB, 303.59 W, 66
2026/04/29 19:45:49.961, NVIDIA A100 80GB PCIe, 98 %, 61 %, 76935 MiB, 81920 MiB, 283.25 W, 66
2026/04/29 19:45:50.961, NVIDIA A100 80GB PCIe, 98 %, 61 %, 76935 MiB, 81920 MiB, 296.15 W, 66
2026/04/29 19:45:51.961, NVIDIA A100 80GB PCIe, 98 %, 62 %, 76935 MiB, 81920 MiB, 301.49 W, 66
2026/04/29 19:45:52.962, NVIDIA A100 80GB PCIe, 99 %, 62 %, 76935 MiB, 81920 MiB, 295.57 W, 66
2026/04/29 19:45:53.962, NVIDIA A100 80GB PCIe, 98 %, 62 %, 76935 MiB, 81920 MiB, 308.82 W, 65
2026/04/29 19:45:54.962, NVIDIA A100 80GB PCIe, 98 %, 63 %, 76935 MiB, 81920 MiB, 297.10 W, 65
2026/04/29 19:45:55.962, NVIDIA A100 80GB PCIe, 98 %, 62 %, 76935 MiB, 81920 MiB, 285.84 W, 65
2026/04/29 19:45:56.963, NVIDIA A100 80GB PCIe, 98 %, 62 %, 76935 MiB, 81920 MiB, 297.56 W, 65
2026/04/29 19:45:57.965, NVIDIA A100 80GB PCIe, 99 %, 62 %, 76935 MiB, 81920 MiB, 285.77 W, 65
2026/04/29 19:45:58.965, NVIDIA A100 80GB PCIe, 98 %, 62 %, 76935 MiB, 81920 MiB, 297.20 W, 65
2026/04/29 19:45:59.965, NVIDIA A100 80GB PCIe, 98 %, 62 %, 76935 MiB, 81920 MiB, 288.26 W, 65
2026/04/29 19:46:00.965, NVIDIA A100 80GB PCIe, 99 %, 62 %, 76935 MiB, 81920 MiB, 292.50 W, 65
2026/04/29 19:46:01.965, NVIDIA A100 80GB PCIe, 99 %, 62 %, 76935 MiB, 81920 MiB, 297.66 W, 64
2026/04/29 19:46:02.966, NVIDIA A100 80GB PCIe, 99 %, 62 %, 76935 MiB, 81920 MiB, 307.76 W, 64
2026/04/29 19:46:03.966, NVIDIA A100 80GB PCIe, 99 %, 62 %, 76935 MiB, 81920 MiB, 301.16 W, 64
2026/04/29 19:46:04.966, NVIDIA A100 80GB PCIe, 99 %, 62 %, 76935 MiB, 81920 MiB, 286.57 W, 64
2026/04/29 19:46:05.966, NVIDIA A100 80GB PCIe, 99 %, 62 %, 76935 MiB, 81920 MiB, 308.36 W, 64
2026/04/29 19:46:06.967, NVIDIA A100 80GB PCIe, 99 %, 62 %, 76935 MiB, 81920 MiB, 300.17 W, 64
2026/04/29 19:46:07.967, NVIDIA A100 80GB PCIe, 99 %, 62 %, 76935 MiB, 81920 MiB, 292.91 W, 64
2026/04/29 19:46:08.967, NVIDIA A100 80GB PCIe, 99 %, 63 %, 76935 MiB, 81920 MiB, 296.25 W, 64
2026/04/29 19:46:09.967, NVIDIA A100 80GB PCIe, 99 %, 62 %, 76935 MiB, 81920 MiB, 283.15 W, 64
2026/04/29 19:46:10.968, NVIDIA A100 80GB PCIe, 98 %, 62 %, 76935 MiB, 81920 MiB, 286.25 W, 64
2026/04/29 19:46:11.968, NVIDIA A100 80GB PCIe, 99 %, 62 %, 76935 MiB, 81920 MiB, 289.18 W, 64
2026/04/29 19:46:12.968, NVIDIA A100 80GB PCIe, 98 %, 62 %, 76935 MiB, 81920 MiB, 299.28 W, 64
2026/04/29 19:46:13.968, NVIDIA A100 80GB PCIe, 98 %, 62 %, 76935 MiB, 81920 MiB, 306.88 W, 64
2026/04/29 19:46:14.969, NVIDIA A100 80GB PCIe, 99 %, 62 %, 76935 MiB, 81920 MiB, 296.11 W, 64
2026/04/29 19:46:15.969, NVIDIA A100 80GB PCIe, 99 %, 62 %, 76935 MiB, 81920 MiB, 310.78 W, 64
2026/04/29 19:46:16.969, NVIDIA A100 80GB PCIe, 98 %, 62 %, 76935 MiB, 81920 MiB, 298.06 W, 64
2026/04/29 19:46:17.969, NVIDIA A100 80GB PCIe, 99 %, 62 %, 76935 MiB, 81920 MiB, 310.92 W, 64
2026/04/29 19:46:18.970, NVIDIA A100 80GB PCIe, 99 %, 62 %, 76935 MiB, 81920 MiB, 297.66 W, 64
2026/04/29 19:46:19.970, NVIDIA A100 80GB PCIe, 99 %, 62 %, 76935 MiB, 81920 MiB, 300.87 W, 64
2026/04/29 19:46:20.970, NVIDIA A100 80GB PCIe, 99 %, 62 %, 76935 MiB, 81920 MiB, 295.45 W, 64
2026/04/29 19:46:21.970, NVIDIA A100 80GB PCIe, 99 %, 62 %, 76935 MiB, 81920 MiB, 290.75 W, 64
2026/04/29 19:46:22.970, NVIDIA A100 80GB PCIe, 99 %, 63 %, 76935 MiB, 81920 MiB, 287.49 W, 64
2026/04/29 19:46:23.971, NVIDIA A100 80GB PCIe, 99 %, 62 %, 76935 MiB, 81920 MiB, 308.01 W, 63
2026/04/29 19:46:24.971, NVIDIA A100 80GB PCIe, 99 %, 62 %, 76935 MiB, 81920 MiB, 289.23 W, 63
2026/04/29 19:46:25.971, NVIDIA A100 80GB PCIe, 99 %, 62 %, 76935 MiB, 81920 MiB, 303.05 W, 64
2026/04/29 19:46:26.971, NVIDIA A100 80GB PCIe, 99 %, 62 %, 76935 MiB, 81920 MiB, 290.27 W, 63
2026/04/29 19:46:27.972, NVIDIA A100 80GB PCIe, 99 %, 62 %, 76935 MiB, 81920 MiB, 295.84 W, 63
2026/04/29 19:46:28.972, NVIDIA A100 80GB PCIe, 99 %, 62 %, 76935 MiB, 81920 MiB, 296.61 W, 63
2026/04/29 19:46:29.972, NVIDIA A100 80GB PCIe, 99 %, 62 %, 76935 MiB, 81920 MiB, 313.12 W, 63
2026/04/29 19:46:30.972, NVIDIA A100 80GB PCIe, 99 %, 62 %, 76935 MiB, 81920 MiB, 298.93 W, 63
2026/04/29 19:46:31.973, NVIDIA A100 80GB PCIe, 99 %, 62 %, 76935 MiB, 81920 MiB, 290.28 W, 63
2026/04/29 19:46:32.973, NVIDIA A100 80GB PCIe, 99 %, 63 %, 76935 MiB, 81920 MiB, 299.48 W, 63
2026/04/29 19:46:33.973, NVIDIA A100 80GB PCIe, 99 %, 62 %, 76935 MiB, 81920 MiB, 293.94 W, 63
2026/04/29 19:46:34.973, NVIDIA A100 80GB PCIe, 98 %, 62 %, 76935 MiB, 81920 MiB, 295.84 W, 63
2026/04/29 19:46:35.974, NVIDIA A100 80GB PCIe, 99 %, 62 %, 76935 MiB, 81920 MiB, 296.17 W, 63
2026/04/29 19:46:36.974, NVIDIA A100 80GB PCIe, 98 %, 62 %, 76935 MiB, 81920 MiB, 292.01 W, 63
2026/04/29 19:46:37.974, NVIDIA A100 80GB PCIe, 98 %, 62 %, 76935 MiB, 81920 MiB, 294.40 W, 63
2026/04/29 19:46:38.974, NVIDIA A100 80GB PCIe, 98 %, 62 %, 76935 MiB, 81920 MiB, 296.52 W, 63
2026/04/29 19:46:39.974, NVIDIA A100 80GB PCIe, 98 %, 67 %, 76935 MiB, 81920 MiB, 299.12 W, 63
2026/04/29 19:46:40.975, NVIDIA A100 80GB PCIe, 0 %, 0 %, 76935 MiB, 81920 MiB, 81.02 W, 59
2026/04/29 19:46:41.975, NVIDIA A100 80GB PCIe, 0 %, 0 %, 76935 MiB, 81920 MiB, 79.63 W, 59
2026/04/29 19:46:42.975, NVIDIA A100 80GB PCIe, 0 %, 0 %, 76935 MiB, 81920 MiB, 79.08 W, 58
2026/04/29 19:46:43.976, NVIDIA A100 80GB PCIe, 0 %, 0 %, 76935 MiB, 81920 MiB, 78.75 W, 58
2026/04/29 19:46:44.976, NVIDIA A100 80GB PCIe, 0 %, 0 %, 76935 MiB, 81920 MiB, 77.88 W, 57
2026/04/29 19:46:45.976, NVIDIA A100 80GB PCIe, 0 %, 0 %, 76935 MiB, 81920 MiB, 78.36 W, 57
2026/04/29 19:46:46.976, NVIDIA A100 80GB PCIe, 0 %, 0 %, 76935 MiB, 81920 MiB, 77.92 W, 56
2026/04/29 19:46:47.977, NVIDIA A100 80GB PCIe, 0 %, 0 %, 76935 MiB, 81920 MiB, 77.88 W, 56
2026/04/29 19:46:48.977, NVIDIA A100 80GB PCIe, 0 %, 0 %, 76935 MiB, 81920 MiB, 77.08 W, 55
2026/04/29 19:46:49.977, NVIDIA A100 80GB PCIe, 0 %, 0 %, 76935 MiB, 81920 MiB, 76.88 W, 55
2026/04/29 19:46:50.977, NVIDIA A100 80GB PCIe, 0 %, 0 %, 76935 MiB, 81920 MiB, 76.69 W, 54
2026/04/29 19:46:51.978, NVIDIA A100 80GB PCIe, 0 %, 0 %, 76935 MiB, 81920 MiB, 76.10 W, 54
2026/04/29 19:46:52.978, NVIDIA A100 80GB PCIe, 0 %, 0 %, 76935 MiB, 81920 MiB, 74.64 W, 54
