run_name,run_timestamp,engine_name,setting_label,model_name,device,prompt_id,category,input_token_count,output_token_count,max_new_tokens,latency_sec,tokens_per_sec,finish_reason,prompt_text,output_text,generated_only_text
phase3_engine_comparison_qwen25_7b_instruct_trtllm,20260423_042550,tensorrt_llm,short_output,Qwen/Qwen2.5-7B-Instruct,gpu,p1,short_qa,7,32,32,0.644282198511064,49.66767679434879,length,What is the capital of France?,"What is the capital of France? The capital of France is Paris. Paris is a major city located in the northern part of the country and is known for its rich history, culture, and architecture"," The capital of France is Paris. Paris is a major city located in the northern part of the country and is known for its rich history, culture, and architecture"
phase3_engine_comparison_qwen25_7b_instruct_trtllm,20260423_042550,tensorrt_llm,short_output,Qwen/Qwen2.5-7B-Instruct,gpu,p2,short_qa,10,32,32,0.6318229883909225,50.64709671532386,length,Explain what a GPU does in simple words.,"Explain what a GPU does in simple words. A GPU, or Graphics Processing Unit, is a special type of computer chip that is designed to handle graphics and images. It helps to make the images and videos"," A GPU, or Graphics Processing Unit, is a special type of computer chip that is designed to handle graphics and images. It helps to make the images and videos"
phase3_engine_comparison_qwen25_7b_instruct_trtllm,20260423_042550,tensorrt_llm,short_output,Qwen/Qwen2.5-7B-Instruct,gpu,p3,summarization,28,32,32,0.6313350396230817,50.686241047391526,length,"Summarize this in 2 sentences: Machine learning systems often face bottlenecks in data loading, model serving, and hardware utilization.","Summarize this in 2 sentences: Machine learning systems often face bottlenecks in data loading, model serving, and hardware utilization. To address these challenges, researchers have developed a variety of techniques, including model compression, distributed training, and hardware acceleration, to improve the efficiency and scalability of machine"," To address these challenges, researchers have developed a variety of techniques, including model compression, distributed training, and hardware acceleration, to improve the efficiency and scalability of machine"
phase3_engine_comparison_qwen25_7b_instruct_trtllm,20260423_042550,tensorrt_llm,short_output,Qwen/Qwen2.5-7B-Instruct,gpu,p4,summarization,30,32,32,0.6337474584579468,50.4932991413699,length,"Summarize this paragraph: NVIDIA develops GPUs, software platforms, and AI infrastructure used in machine learning, inference, robotics, and high-performance computing.","Summarize this paragraph: NVIDIA develops GPUs, software platforms, and AI infrastructure used in machine learning, inference, robotics, and high-performance computing. The company's products are used in a variety of industries, including automotive, healthcare, and finance. NVIDIA's GPUs are also used in cryptocurrency mining, which has"," The company's products are used in a variety of industries, including automotive, healthcare, and finance. NVIDIA's GPUs are also used in cryptocurrency mining, which has"
phase3_engine_comparison_qwen25_7b_instruct_trtllm,20260423_042550,tensorrt_llm,short_output,Qwen/Qwen2.5-7B-Instruct,gpu,p5,coding,13,32,32,0.6322924951091409,50.609488879788834,length,Write a Python function to check if a string is a palindrome.,"Write a Python function to check if a string is a palindrome. A string is considered a palindrome if it reads the same backward as forward. For example, ""madam"" and ""racecar"" are palindromes"," A string is considered a palindrome if it reads the same backward as forward. For example, ""madam"" and ""racecar"" are palindromes"
phase3_engine_comparison_qwen25_7b_instruct_trtllm,20260423_042550,tensorrt_llm,short_output,Qwen/Qwen2.5-7B-Instruct,gpu,p6,coding,9,32,32,0.6326984027400613,50.57702036454631,length,Write Python code to reverse a linked list.,"Write Python code to reverse a linked list. The code should be able to handle a linked list with any number of nodes, including an empty list. Additionally, the code should be able to handle a linked"," The code should be able to handle a linked list with any number of nodes, including an empty list. Additionally, the code should be able to handle a linked"
phase3_engine_comparison_qwen25_7b_instruct_trtllm,20260423_042550,tensorrt_llm,short_output,Qwen/Qwen2.5-7B-Instruct,gpu,p7,reasoning,21,32,32,0.6323291147127748,50.60655797026756,length,"If a train travels 60 miles in 1.5 hours, what is its average speed?","If a train travels 60 miles in 1.5 hours, what is its average speed? To find the average speed of the train, we use the formula for average speed, which is the total distance traveled divided by the total time taken. Here are"," To find the average speed of the train, we use the formula for average speed, which is the total distance traveled divided by the total time taken. Here are"
phase3_engine_comparison_qwen25_7b_instruct_trtllm,20260423_042550,tensorrt_llm,short_output,Qwen/Qwen2.5-7B-Instruct,gpu,p8,reasoning,27,32,32,0.6326937628909945,50.577391270274326,length,A batch job takes 12 minutes on 1 GPU and 4 minutes on 4 GPUs. What is the speedup?,"A batch job takes 12 minutes on 1 GPU and 4 minutes on 4 GPUs. What is the speedup? The speedup is a measure of how much faster a task is completed when using multiple processors (or GPUs, in this case) compared to using a single processor"," The speedup is a measure of how much faster a task is completed when using multiple processors (or GPUs, in this case) compared to using a single processor"
phase3_engine_comparison_qwen25_7b_instruct_trtllm,20260423_042550,tensorrt_llm,short_output,Qwen/Qwen2.5-7B-Instruct,gpu,p9,long_context,60,32,32,0.6526773180812597,49.02882192087443,length,"In machine learning inference systems, throughput measures how many requests or tokens can be processed in a given time, while latency measures how long a single request takes to complete. Engineers often face tradeoffs between throughput and latency, especially under concurrent workloads. Explain the difference between throughput and latency in simple terms.","In machine learning inference systems, throughput measures how many requests or tokens can be processed in a given time, while latency measures how long a single request takes to complete. Engineers often face tradeoffs between throughput and latency, especially under concurrent workloads. Explain the difference between throughput and latency in simple terms. Throughput and latency are two important metrics used to measure the performance of a system, particularly in the context of machine learning inference.

**Throughput** refers to"," Throughput and latency are two important metrics used to measure the performance of a system, particularly in the context of machine learning inference.

**Throughput** refers to"
phase3_engine_comparison_qwen25_7b_instruct_trtllm,20260423_042550,tensorrt_llm,short_output,Qwen/Qwen2.5-7B-Instruct,gpu,p10,long_context,41,32,32,0.6345140654593706,50.432294163302565,length,"Large language models are often deployed using inference servers that support batching, caching, and optimized execution backends. These choices affect memory usage, latency, and cost. Explain why benchmarking different serving stacks matters.","Large language models are often deployed using inference servers that support batching, caching, and optimized execution backends. These choices affect memory usage, latency, and cost. Explain why benchmarking different serving stacks matters. Benchmarking different serving stacks for large language models is crucial for several reasons:

1. **Performance Optimization**: Different serving stacks can have varying levels of performance in terms"," Benchmarking different serving stacks for large language models is crucial for several reasons:

1. **Performance Optimization**: Different serving stacks can have varying levels of performance in terms"
phase3_engine_comparison_qwen25_7b_instruct_trtllm,20260423_042550,tensorrt_llm,short_output,Qwen/Qwen2.5-7B-Instruct,gpu,p11,short_qa,10,32,32,0.6334480596706271,50.51716476428862,length,What is the difference between RAM and VRAM?,"What is the difference between RAM and VRAM? RAM and VRAM are both types of memory used in computers, but they serve different purposes and are located in different parts of the system.

RAM (Random Access"," RAM and VRAM are both types of memory used in computers, but they serve different purposes and are located in different parts of the system.

RAM (Random Access"
phase3_engine_comparison_qwen25_7b_instruct_trtllm,20260423_042550,tensorrt_llm,short_output,Qwen/Qwen2.5-7B-Instruct,gpu,p12,coding,10,32,32,0.6317111076787114,50.65606669097105,length,Write a Python function that merges two sorted arrays.,"Write a Python function that merges two sorted arrays. The function should take two parameters, both of which are sorted arrays, and return a single sorted array that contains all the elements from both input arrays. The function"," The function should take two parameters, both of which are sorted arrays, and return a single sorted array that contains all the elements from both input arrays. The function"
phase3_engine_comparison_qwen25_7b_instruct_trtllm,20260423_042550,tensorrt_llm,short_output,Qwen/Qwen2.5-7B-Instruct,gpu,p13,reasoning,22,32,32,0.6323093259707093,50.60814175225742,length,"If latency drops from 200 ms to 120 ms, what is the percentage reduction?","If latency drops from 200 ms to 120 ms, what is the percentage reduction? To determine the percentage reduction in latency when it drops from 200 ms to 120 ms, we can follow these steps:

1. Calculate"," To determine the percentage reduction in latency when it drops from 200 ms to 120 ms, we can follow these steps:

1. Calculate"
phase3_engine_comparison_qwen25_7b_instruct_trtllm,20260423_042550,tensorrt_llm,short_output,Qwen/Qwen2.5-7B-Instruct,gpu,p14,summarization,19,23,32,0.4770528534427285,48.212687198109826,stop,Summarize this in one sentence: Containerization helps package applications and dependencies consistently across environments.,"Summarize this in one sentence: Containerization helps package applications and dependencies consistently across environments. Containerization is a method that packages applications and their dependencies together into portable containers, ensuring consistent behavior across different environments."," Containerization is a method that packages applications and their dependencies together into portable containers, ensuring consistent behavior across different environments."
phase3_engine_comparison_qwen25_7b_instruct_trtllm,20260423_042550,tensorrt_llm,short_output,Qwen/Qwen2.5-7B-Instruct,gpu,p15,long_context,47,32,32,0.6485781678929925,49.33869436887924,length,"Model serving frameworks like vLLM and TensorRT-LLM aim to improve efficiency for large language model inference by optimizing memory management, batching, and execution. Explain what kinds of improvements an engineer might look for when comparing serving frameworks.","Model serving frameworks like vLLM and TensorRT-LLM aim to improve efficiency for large language model inference by optimizing memory management, batching, and execution. Explain what kinds of improvements an engineer might look for when comparing serving frameworks. When comparing serving frameworks like vLLM and TensorRT-LLM for large language model inference, an engineer might look for several key improvements and optimizations. Here"," When comparing serving frameworks like vLLM and TensorRT-LLM for large language model inference, an engineer might look for several key improvements and optimizations. Here"
phase3_engine_comparison_qwen25_7b_instruct_trtllm,20260423_042550,tensorrt_llm,short_output,Qwen/Qwen2.5-7B-Instruct,gpu,p16,short_qa,6,32,32,0.6336498884484172,50.50107414736014,length,What is a transformer model?,"What is a transformer model? A transformer model is a type of deep learning model that is used for a variety of natural language processing (NLP) tasks, such as language translation, text"," A transformer model is a type of deep learning model that is used for a variety of natural language processing (NLP) tasks, such as language translation, text"
phase3_engine_comparison_qwen25_7b_instruct_trtllm,20260423_042550,tensorrt_llm,short_output,Qwen/Qwen2.5-7B-Instruct,gpu,p17,coding,16,32,32,0.6319195767864585,50.63935534760874,length,Write Python code to find the maximum subarray sum using Kadane's algorithm.,"Write Python code to find the maximum subarray sum using Kadane's algorithm. The input will be a list of integers. The output should be the maximum sum possible. 

For example, given the input list [-2, 1,"," The input will be a list of integers. The output should be the maximum sum possible. 

For example, given the input list [-2, 1,"
phase3_engine_comparison_qwen25_7b_instruct_trtllm,20260423_042550,tensorrt_llm,short_output,Qwen/Qwen2.5-7B-Instruct,gpu,p18,reasoning,27,32,32,0.6315181190147996,50.67154692239334,length,"If one server handles 50 requests per second and another handles 80, how much higher is the second server's throughput?","If one server handles 50 requests per second and another handles 80, how much higher is the second server's throughput? To determine how much higher the second server's throughput is compared to the first server, we need to follow these steps:

1. Identify the throughput of the first"," To determine how much higher the second server's throughput is compared to the first server, we need to follow these steps:

1. Identify the throughput of the first"
phase3_engine_comparison_qwen25_7b_instruct_trtllm,20260423_042550,tensorrt_llm,short_output,Qwen/Qwen2.5-7B-Instruct,gpu,p19,summarization,26,32,32,0.6327367443591356,50.57395557517534,length,"Summarize this: Profiling tools help engineers identify compute bottlenecks, memory inefficiencies, and kernel-level slowdowns.","Summarize this: Profiling tools help engineers identify compute bottlenecks, memory inefficiencies, and kernel-level slowdowns. They are used to optimize the performance of software and hardware systems. Profiling tools can be broadly categorized into two types: sampling and instrumentation. Sampling tools take periodic", They are used to optimize the performance of software and hardware systems. Profiling tools can be broadly categorized into two types: sampling and instrumentation. Sampling tools take periodic
phase3_engine_comparison_qwen25_7b_instruct_trtllm,20260423_042550,tensorrt_llm,short_output,Qwen/Qwen2.5-7B-Instruct,gpu,p20,long_context,40,32,32,0.6339831575751305,50.47452699278975,length,"Deep learning deployment often requires balancing accuracy, latency, memory, and cost. Teams may compare multiple serving stacks to understand which one is best suited for production workloads. Explain why these tradeoffs matter.","Deep learning deployment often requires balancing accuracy, latency, memory, and cost. Teams may compare multiple serving stacks to understand which one is best suited for production workloads. Explain why these tradeoffs matter. The tradeoffs between accuracy, latency, memory, and cost are critical in deep learning deployment because they directly impact the performance, efficiency, and feasibility of the model"," The tradeoffs between accuracy, latency, memory, and cost are critical in deep learning deployment because they directly impact the performance, efficiency, and feasibility of the model"
phase3_engine_comparison_qwen25_7b_instruct_trtllm,20260423_042550,tensorrt_llm,default_output,Qwen/Qwen2.5-7B-Instruct,gpu,p1,short_qa,7,64,64,1.2590960264205933,50.830118320634895,length,What is the capital of France?,"What is the capital of France? The capital of France is Paris. Paris is a major city located in the northern part of the country and is known for its rich history, culture, and architecture. It is also a major center for art, fashion, and gastronomy. Some of the famous landmarks in Paris include the Eiffel Tower, the Lou"," The capital of France is Paris. Paris is a major city located in the northern part of the country and is known for its rich history, culture, and architecture. It is also a major center for art, fashion, and gastronomy. Some of the famous landmarks in Paris include the Eiffel Tower, the Lou"
phase3_engine_comparison_qwen25_7b_instruct_trtllm,20260423_042550,tensorrt_llm,default_output,Qwen/Qwen2.5-7B-Instruct,gpu,p2,short_qa,10,64,64,1.260430789552629,50.776290559131645,length,Explain what a GPU does in simple words.,"Explain what a GPU does in simple words. A GPU, or Graphics Processing Unit, is a special type of computer chip that is designed to handle graphics and images. It helps to make the images and videos on your screen look smooth and clear. Think of it like a helper that works alongside your computer's main brain (the CPU) to make all the pretty things"," A GPU, or Graphics Processing Unit, is a special type of computer chip that is designed to handle graphics and images. It helps to make the images and videos on your screen look smooth and clear. Think of it like a helper that works alongside your computer's main brain (the CPU) to make all the pretty things"
phase3_engine_comparison_qwen25_7b_instruct_trtllm,20260423_042550,tensorrt_llm,default_output,Qwen/Qwen2.5-7B-Instruct,gpu,p3,summarization,28,64,64,1.2598335826769471,50.80036036506514,length,"Summarize this in 2 sentences: Machine learning systems often face bottlenecks in data loading, model serving, and hardware utilization.","Summarize this in 2 sentences: Machine learning systems often face bottlenecks in data loading, model serving, and hardware utilization. To address these challenges, researchers have developed a variety of techniques, including model compression, distributed training, and hardware acceleration, to improve the efficiency and scalability of machine learning systems.
Machine learning systems frequently encounter performance limitations in data handling, model deployment, and hardware efficiency. Various strategies, such as model compression, distributed training,"," To address these challenges, researchers have developed a variety of techniques, including model compression, distributed training, and hardware acceleration, to improve the efficiency and scalability of machine learning systems.
Machine learning systems frequently encounter performance limitations in data handling, model deployment, and hardware efficiency. Various strategies, such as model compression, distributed training,"
phase3_engine_comparison_qwen25_7b_instruct_trtllm,20260423_042550,tensorrt_llm,default_output,Qwen/Qwen2.5-7B-Instruct,gpu,p4,summarization,30,64,64,1.2619919227436185,50.713478308848096,length,"Summarize this paragraph: NVIDIA develops GPUs, software platforms, and AI infrastructure used in machine learning, inference, robotics, and high-performance computing.","Summarize this paragraph: NVIDIA develops GPUs, software platforms, and AI infrastructure used in machine learning, inference, robotics, and high-performance computing. The company's products are used in a variety of industries, including automotive, healthcare, and finance. NVIDIA's GPUs are also used in cryptocurrency mining, which has been a controversial topic for the company. The company has taken steps to limit the use of its products in cryptocurrency mining, but the issue remains a point of contention"," The company's products are used in a variety of industries, including automotive, healthcare, and finance. NVIDIA's GPUs are also used in cryptocurrency mining, which has been a controversial topic for the company. The company has taken steps to limit the use of its products in cryptocurrency mining, but the issue remains a point of contention"
phase3_engine_comparison_qwen25_7b_instruct_trtllm,20260423_042550,tensorrt_llm,default_output,Qwen/Qwen2.5-7B-Instruct,gpu,p5,coding,13,64,64,1.2599159022793174,50.797041202684575,length,Write a Python function to check if a string is a palindrome.,"Write a Python function to check if a string is a palindrome. A string is considered a palindrome if it reads the same backward as forward. For example, ""madam"" and ""racecar"" are palindromes. Your function should return `True` if the string is a palindrome and `False` otherwise. 

**Example:**
```python
print(is_palindrome"," A string is considered a palindrome if it reads the same backward as forward. For example, ""madam"" and ""racecar"" are palindromes. Your function should return `True` if the string is a palindrome and `False` otherwise. 

**Example:**
```python
print(is_palindrome"
phase3_engine_comparison_qwen25_7b_instruct_trtllm,20260423_042550,tensorrt_llm,default_output,Qwen/Qwen2.5-7B-Instruct,gpu,p6,coding,9,64,64,1.2621405916288495,50.707504714197576,length,Write Python code to reverse a linked list.,"Write Python code to reverse a linked list. The code should be able to handle a linked list with any number of nodes, including an empty list. Additionally, the code should be able to handle a linked list with circular references, where a node's next pointer points to a node that is already in the list. The time complexity of the solution should be O(n"," The code should be able to handle a linked list with any number of nodes, including an empty list. Additionally, the code should be able to handle a linked list with circular references, where a node's next pointer points to a node that is already in the list. The time complexity of the solution should be O(n"
phase3_engine_comparison_qwen25_7b_instruct_trtllm,20260423_042550,tensorrt_llm,default_output,Qwen/Qwen2.5-7B-Instruct,gpu,p7,reasoning,21,64,64,1.2593261059373617,50.820831632297896,length,"If a train travels 60 miles in 1.5 hours, what is its average speed?","If a train travels 60 miles in 1.5 hours, what is its average speed? To find the average speed of the train, we use the formula for average speed, which is the total distance traveled divided by the total time taken. Here are the steps to solve the problem:

1. Identify the total distance traveled. In this case, the train travels 60 miles.
2. Identify the total"," To find the average speed of the train, we use the formula for average speed, which is the total distance traveled divided by the total time taken. Here are the steps to solve the problem:

1. Identify the total distance traveled. In this case, the train travels 60 miles.
2. Identify the total"
phase3_engine_comparison_qwen25_7b_instruct_trtllm,20260423_042550,tensorrt_llm,default_output,Qwen/Qwen2.5-7B-Instruct,gpu,p8,reasoning,27,64,64,1.2586034797132015,50.850010373865885,length,A batch job takes 12 minutes on 1 GPU and 4 minutes on 4 GPUs. What is the speedup?,"A batch job takes 12 minutes on 1 GPU and 4 minutes on 4 GPUs. What is the speedup? The speedup is a measure of how much faster a task is completed when using multiple processors (or GPUs, in this case) compared to using a single processor. It is calculated using Amdahl's Law or simply by the ratio of the time taken by a single GPU to the time taken by multiple GPUs.

In"," The speedup is a measure of how much faster a task is completed when using multiple processors (or GPUs, in this case) compared to using a single processor. It is calculated using Amdahl's Law or simply by the ratio of the time taken by a single GPU to the time taken by multiple GPUs.

In"
phase3_engine_comparison_qwen25_7b_instruct_trtllm,20260423_042550,tensorrt_llm,default_output,Qwen/Qwen2.5-7B-Instruct,gpu,p9,long_context,60,64,64,1.2626438699662685,50.68729316502345,length,"In machine learning inference systems, throughput measures how many requests or tokens can be processed in a given time, while latency measures how long a single request takes to complete. Engineers often face tradeoffs between throughput and latency, especially under concurrent workloads. Explain the difference between throughput and latency in simple terms.","In machine learning inference systems, throughput measures how many requests or tokens can be processed in a given time, while latency measures how long a single request takes to complete. Engineers often face tradeoffs between throughput and latency, especially under concurrent workloads. Explain the difference between throughput and latency in simple terms. Throughput and latency are two important metrics used to measure the performance of a system, particularly in the context of machine learning inference.

**Throughput** refers to the rate at which a system can process requests or tasks. It is typically measured in terms of the number of requests or tasks that can be completed per unit of"," Throughput and latency are two important metrics used to measure the performance of a system, particularly in the context of machine learning inference.

**Throughput** refers to the rate at which a system can process requests or tasks. It is typically measured in terms of the number of requests or tasks that can be completed per unit of"
phase3_engine_comparison_qwen25_7b_instruct_trtllm,20260423_042550,tensorrt_llm,default_output,Qwen/Qwen2.5-7B-Instruct,gpu,p10,long_context,41,64,64,1.260361760854721,50.779071523558486,length,"Large language models are often deployed using inference servers that support batching, caching, and optimized execution backends. These choices affect memory usage, latency, and cost. Explain why benchmarking different serving stacks matters.","Large language models are often deployed using inference servers that support batching, caching, and optimized execution backends. These choices affect memory usage, latency, and cost. Explain why benchmarking different serving stacks matters. Benchmarking different serving stacks for large language models is crucial for several reasons:

1. **Performance Optimization**: Different serving stacks can have varying levels of performance in terms of latency and throughput. By benchmarking, you can identify the most efficient stack for your specific use case, ensuring that your model is serving requests as quickly and"," Benchmarking different serving stacks for large language models is crucial for several reasons:

1. **Performance Optimization**: Different serving stacks can have varying levels of performance in terms of latency and throughput. By benchmarking, you can identify the most efficient stack for your specific use case, ensuring that your model is serving requests as quickly and"
phase3_engine_comparison_qwen25_7b_instruct_trtllm,20260423_042550,tensorrt_llm,default_output,Qwen/Qwen2.5-7B-Instruct,gpu,p11,short_qa,10,64,64,1.2614766154438257,50.73419452764319,length,What is the difference between RAM and VRAM?,"What is the difference between RAM and VRAM? RAM and VRAM are both types of memory used in computers, but they serve different purposes and are located in different parts of the system.

RAM (Random Access Memory) is a type of volatile memory that is used to store data and instructions that are currently being used by the CPU (Central Processing Unit). It is a"," RAM and VRAM are both types of memory used in computers, but they serve different purposes and are located in different parts of the system.

RAM (Random Access Memory) is a type of volatile memory that is used to store data and instructions that are currently being used by the CPU (Central Processing Unit). It is a"
phase3_engine_comparison_qwen25_7b_instruct_trtllm,20260423_042550,tensorrt_llm,default_output,Qwen/Qwen2.5-7B-Instruct,gpu,p12,coding,10,64,64,1.2593848649412394,50.818460489428006,length,Write a Python function that merges two sorted arrays.,"Write a Python function that merges two sorted arrays. The function should take two parameters, both of which are sorted arrays, and return a new array that is also sorted, containing all elements from both input arrays. The function should be able to handle arrays of any size, including empty arrays. Additionally, provide a simple check function to test the correctness of your solution with given"," The function should take two parameters, both of which are sorted arrays, and return a new array that is also sorted, containing all elements from both input arrays. The function should be able to handle arrays of any size, including empty arrays. Additionally, provide a simple check function to test the correctness of your solution with given"
phase3_engine_comparison_qwen25_7b_instruct_trtllm,20260423_042550,tensorrt_llm,default_output,Qwen/Qwen2.5-7B-Instruct,gpu,p13,reasoning,22,64,64,1.262125232256949,50.70812179672088,length,"If latency drops from 200 ms to 120 ms, what is the percentage reduction?","If latency drops from 200 ms to 120 ms, what is the percentage reduction? To determine the percentage reduction in latency when it drops from 200 ms to 120 ms, we can follow these steps:

1. Calculate the reduction in latency.
2. Divide the reduction by the original latency.
3. Multiply the result by 100 to get the percentage reduction.

Let"," To determine the percentage reduction in latency when it drops from 200 ms to 120 ms, we can follow these steps:

1. Calculate the reduction in latency.
2. Divide the reduction by the original latency.
3. Multiply the result by 100 to get the percentage reduction.

Let"
phase3_engine_comparison_qwen25_7b_instruct_trtllm,20260423_042550,tensorrt_llm,default_output,Qwen/Qwen2.5-7B-Instruct,gpu,p14,summarization,19,23,64,0.47570598032325506,48.3491924662601,stop,Summarize this in one sentence: Containerization helps package applications and dependencies consistently across environments.,"Summarize this in one sentence: Containerization helps package applications and dependencies consistently across environments. Containerization is a method that packages applications and their dependencies together into portable containers, ensuring consistent behavior across different environments."," Containerization is a method that packages applications and their dependencies together into portable containers, ensuring consistent behavior across different environments."
phase3_engine_comparison_qwen25_7b_instruct_trtllm,20260423_042550,tensorrt_llm,default_output,Qwen/Qwen2.5-7B-Instruct,gpu,p15,long_context,47,64,64,1.2743064649403095,50.223397401501735,length,"Model serving frameworks like vLLM and TensorRT-LLM aim to improve efficiency for large language model inference by optimizing memory management, batching, and execution. Explain what kinds of improvements an engineer might look for when comparing serving frameworks.","Model serving frameworks like vLLM and TensorRT-LLM aim to improve efficiency for large language model inference by optimizing memory management, batching, and execution. Explain what kinds of improvements an engineer might look for when comparing serving frameworks. When comparing serving frameworks like vLLM and TensorRT-LLM for large language model inference, an engineer might look for several key improvements and optimizations. Here are some of the most important aspects to consider:

### 1. **Memory Management**
   - **Memory Efficiency**: How well the framework manages memory to reduce"," When comparing serving frameworks like vLLM and TensorRT-LLM for large language model inference, an engineer might look for several key improvements and optimizations. Here are some of the most important aspects to consider:

### 1. **Memory Management**
   - **Memory Efficiency**: How well the framework manages memory to reduce"
phase3_engine_comparison_qwen25_7b_instruct_trtllm,20260423_042550,tensorrt_llm,default_output,Qwen/Qwen2.5-7B-Instruct,gpu,p16,short_qa,6,64,64,1.26210833247751,50.70880078445282,length,What is a transformer model?,"What is a transformer model? A transformer model is a type of deep learning model that is used for a variety of natural language processing (NLP) tasks, such as language translation, text summarization, and question answering. It is based on the transformer architecture, which was introduced in the paper ""Attention is All You Need"" by Vaswani"," A transformer model is a type of deep learning model that is used for a variety of natural language processing (NLP) tasks, such as language translation, text summarization, and question answering. It is based on the transformer architecture, which was introduced in the paper ""Attention is All You Need"" by Vaswani"
phase3_engine_comparison_qwen25_7b_instruct_trtllm,20260423_042550,tensorrt_llm,default_output,Qwen/Qwen2.5-7B-Instruct,gpu,p17,coding,16,64,64,1.2601517606526613,50.78753369106348,length,Write Python code to find the maximum subarray sum using Kadane's algorithm.,"Write Python code to find the maximum subarray sum using Kadane's algorithm. The input will be a list of integers. The output should be the maximum subarray sum. If the list contains all negative numbers, the output should be the largest negative number in the list. 

Additionally, your solution should have a time complexity of O(n), where n is the length of the input list. 

"," The input will be a list of integers. The output should be the maximum subarray sum. If the list contains all negative numbers, the output should be the largest negative number in the list. 

Additionally, your solution should have a time complexity of O(n), where n is the length of the input list. 

"
phase3_engine_comparison_qwen25_7b_instruct_trtllm,20260423_042550,tensorrt_llm,default_output,Qwen/Qwen2.5-7B-Instruct,gpu,p18,reasoning,27,64,64,1.2624056311324239,50.69685877635833,length,"If one server handles 50 requests per second and another handles 80, how much higher is the second server's throughput?","If one server handles 50 requests per second and another handles 80, how much higher is the second server's throughput? To determine how much higher the second server's throughput is compared to the first server, we need to follow these steps:

1. Identify the throughput of the first server.
2. Identify the throughput of the second server.
3. Subtract the throughput of the first server from the throughput of the second server.

The throughput of"," To determine how much higher the second server's throughput is compared to the first server, we need to follow these steps:

1. Identify the throughput of the first server.
2. Identify the throughput of the second server.
3. Subtract the throughput of the first server from the throughput of the second server.

The throughput of"
phase3_engine_comparison_qwen25_7b_instruct_trtllm,20260423_042550,tensorrt_llm,default_output,Qwen/Qwen2.5-7B-Instruct,gpu,p19,summarization,26,64,64,1.2667893702164292,50.52142171753911,length,"Summarize this: Profiling tools help engineers identify compute bottlenecks, memory inefficiencies, and kernel-level slowdowns.","Summarize this: Profiling tools help engineers identify compute bottlenecks, memory inefficiencies, and kernel-level slowdowns. They are used to optimize the performance of software and hardware systems. Profiling tools can be broadly categorized into two types: sampling and instrumentation. Sampling tools take periodic snapshots of the system state, while instrumentation tools insert code into the application to collect detailed information. Profiling tools are essential for identifying performance issues and improving the efficiency"," They are used to optimize the performance of software and hardware systems. Profiling tools can be broadly categorized into two types: sampling and instrumentation. Sampling tools take periodic snapshots of the system state, while instrumentation tools insert code into the application to collect detailed information. Profiling tools are essential for identifying performance issues and improving the efficiency"
phase3_engine_comparison_qwen25_7b_instruct_trtllm,20260423_042550,tensorrt_llm,default_output,Qwen/Qwen2.5-7B-Instruct,gpu,p20,long_context,40,64,64,1.2625957299023867,50.68922576266589,length,"Deep learning deployment often requires balancing accuracy, latency, memory, and cost. Teams may compare multiple serving stacks to understand which one is best suited for production workloads. Explain why these tradeoffs matter.","Deep learning deployment often requires balancing accuracy, latency, memory, and cost. Teams may compare multiple serving stacks to understand which one is best suited for production workloads. Explain why these tradeoffs matter. The tradeoffs between accuracy, latency, memory, and cost are critical in deep learning deployment because they directly impact the performance, efficiency, and feasibility of the model in real-world applications. Here's why each of these factors matters:

1. **Accuracy**:
   - **Importance**: High accuracy is crucial for ensuring"," The tradeoffs between accuracy, latency, memory, and cost are critical in deep learning deployment because they directly impact the performance, efficiency, and feasibility of the model in real-world applications. Here's why each of these factors matters:

1. **Accuracy**:
   - **Importance**: High accuracy is crucial for ensuring"
phase3_engine_comparison_qwen25_7b_instruct_trtllm,20260423_042550,tensorrt_llm,long_output,Qwen/Qwen2.5-7B-Instruct,gpu,p1,short_qa,7,96,96,1.887521669268608,50.86034325486649,length,What is the capital of France?,"What is the capital of France? The capital of France is Paris. Paris is a major city located in the northern part of the country and is known for its rich history, culture, and architecture. It is also a major center for art, fashion, and gastronomy. Some of the famous landmarks in Paris include the Eiffel Tower, the Louvre Museum, and the Notre-Dame Cathedral. The city is also known for its romantic ambiance and is often referred to as the ""City of Love."" The"," The capital of France is Paris. Paris is a major city located in the northern part of the country and is known for its rich history, culture, and architecture. It is also a major center for art, fashion, and gastronomy. Some of the famous landmarks in Paris include the Eiffel Tower, the Louvre Museum, and the Notre-Dame Cathedral. The city is also known for its romantic ambiance and is often referred to as the ""City of Love."" The"
phase3_engine_comparison_qwen25_7b_instruct_trtllm,20260423_042550,tensorrt_llm,long_output,Qwen/Qwen2.5-7B-Instruct,gpu,p2,short_qa,10,96,96,1.891373292542994,50.756770426278905,length,Explain what a GPU does in simple words.,"Explain what a GPU does in simple words. A GPU, or Graphics Processing Unit, is a special type of computer chip that is designed to handle graphics and images. It helps to make the images and videos on your screen look smooth and clear. Think of it like a helper that works alongside your computer's main brain (the CPU) to make all the pretty things you see on your screen, like games, movies, and websites, look great. It's especially good at doing lots of calculations at the same time, which"," A GPU, or Graphics Processing Unit, is a special type of computer chip that is designed to handle graphics and images. It helps to make the images and videos on your screen look smooth and clear. Think of it like a helper that works alongside your computer's main brain (the CPU) to make all the pretty things you see on your screen, like games, movies, and websites, look great. It's especially good at doing lots of calculations at the same time, which"
phase3_engine_comparison_qwen25_7b_instruct_trtllm,20260423_042550,tensorrt_llm,long_output,Qwen/Qwen2.5-7B-Instruct,gpu,p3,summarization,28,96,96,1.888150387443602,50.84340772769482,length,"Summarize this in 2 sentences: Machine learning systems often face bottlenecks in data loading, model serving, and hardware utilization.","Summarize this in 2 sentences: Machine learning systems often face bottlenecks in data loading, model serving, and hardware utilization. To address these challenges, researchers have developed a variety of techniques, including model compression, distributed training, and hardware acceleration, to improve the efficiency and scalability of machine learning systems.
Machine learning systems frequently encounter performance limitations in data handling, model deployment, and hardware efficiency. Various strategies, such as model compression, distributed training, and hardware optimization, have been devised to enhance the efficiency and scalability of these systems. These techniques help to overcome the bottlenecks and improve overall performance. Machine"," To address these challenges, researchers have developed a variety of techniques, including model compression, distributed training, and hardware acceleration, to improve the efficiency and scalability of machine learning systems.
Machine learning systems frequently encounter performance limitations in data handling, model deployment, and hardware efficiency. Various strategies, such as model compression, distributed training, and hardware optimization, have been devised to enhance the efficiency and scalability of these systems. These techniques help to overcome the bottlenecks and improve overall performance. Machine"
phase3_engine_comparison_qwen25_7b_instruct_trtllm,20260423_042550,tensorrt_llm,long_output,Qwen/Qwen2.5-7B-Instruct,gpu,p4,summarization,30,96,96,1.8877045093104243,50.85541700330454,length,"Summarize this paragraph: NVIDIA develops GPUs, software platforms, and AI infrastructure used in machine learning, inference, robotics, and high-performance computing.","Summarize this paragraph: NVIDIA develops GPUs, software platforms, and AI infrastructure used in machine learning, inference, robotics, and high-performance computing. The company's products are used in a variety of industries, including automotive, healthcare, and finance. NVIDIA's GPUs are also used in cryptocurrency mining, which has been a controversial topic for the company. The company has taken steps to limit the use of its products in cryptocurrency mining, but the issue remains a point of contention. NVIDIA's products are also used in gaming, which is the company's largest market. The company's success in this market has been driven by its focus on"," The company's products are used in a variety of industries, including automotive, healthcare, and finance. NVIDIA's GPUs are also used in cryptocurrency mining, which has been a controversial topic for the company. The company has taken steps to limit the use of its products in cryptocurrency mining, but the issue remains a point of contention. NVIDIA's products are also used in gaming, which is the company's largest market. The company's success in this market has been driven by its focus on"
phase3_engine_comparison_qwen25_7b_instruct_trtllm,20260423_042550,tensorrt_llm,long_output,Qwen/Qwen2.5-7B-Instruct,gpu,p5,coding,13,96,96,1.8908246951177716,50.771496822459554,length,Write a Python function to check if a string is a palindrome.,"Write a Python function to check if a string is a palindrome. A string is considered a palindrome if it reads the same backward as forward. For example, ""madam"" and ""racecar"" are palindromes. Your function should return `True` if the string is a palindrome and `False` otherwise. 

**Example:**
```python
print(is_palindrome(""racecar""))  # Output: True
print(is_palindrome(""python""))   # Output: False
```

**Note:**
- The function"," A string is considered a palindrome if it reads the same backward as forward. For example, ""madam"" and ""racecar"" are palindromes. Your function should return `True` if the string is a palindrome and `False` otherwise. 

**Example:**
```python
print(is_palindrome(""racecar""))  # Output: True
print(is_palindrome(""python""))   # Output: False
```

**Note:**
- The function"
phase3_engine_comparison_qwen25_7b_instruct_trtllm,20260423_042550,tensorrt_llm,long_output,Qwen/Qwen2.5-7B-Instruct,gpu,p6,coding,9,96,96,1.8873415710404515,50.86519656697713,length,Write Python code to reverse a linked list.,"Write Python code to reverse a linked list. The code should be able to handle a linked list with any number of nodes, including an empty list. Additionally, the code should be able to handle a linked list with circular references, where a node's next pointer points to a node that is already in the list. The time complexity of the solution should be O(n) and the space complexity should be O(1).

To reverse a linked list, you can use the iterative approach. Here's the step-by-step algorithm:

"," The code should be able to handle a linked list with any number of nodes, including an empty list. Additionally, the code should be able to handle a linked list with circular references, where a node's next pointer points to a node that is already in the list. The time complexity of the solution should be O(n) and the space complexity should be O(1).

To reverse a linked list, you can use the iterative approach. Here's the step-by-step algorithm:

"
phase3_engine_comparison_qwen25_7b_instruct_trtllm,20260423_042550,tensorrt_llm,long_output,Qwen/Qwen2.5-7B-Instruct,gpu,p7,reasoning,21,96,96,1.8909435253590345,50.76830625164886,length,"If a train travels 60 miles in 1.5 hours, what is its average speed?","If a train travels 60 miles in 1.5 hours, what is its average speed? To find the average speed of the train, we use the formula for average speed, which is the total distance traveled divided by the total time taken. Here are the steps to solve the problem:

1. Identify the total distance traveled. In this case, the train travels 60 miles.
2. Identify the total time taken. In this case, the train takes 1.5 hours.
3. Use the formula for average speed: \(\text{Average speed}"," To find the average speed of the train, we use the formula for average speed, which is the total distance traveled divided by the total time taken. Here are the steps to solve the problem:

1. Identify the total distance traveled. In this case, the train travels 60 miles.
2. Identify the total time taken. In this case, the train takes 1.5 hours.
3. Use the formula for average speed: \(\text{Average speed}"
phase3_engine_comparison_qwen25_7b_instruct_trtllm,20260423_042550,tensorrt_llm,long_output,Qwen/Qwen2.5-7B-Instruct,gpu,p8,reasoning,27,96,96,1.8917694697156549,50.74614086801465,length,A batch job takes 12 minutes on 1 GPU and 4 minutes on 4 GPUs. What is the speedup?,"A batch job takes 12 minutes on 1 GPU and 4 minutes on 4 GPUs. What is the speedup? The speedup is a measure of how much faster a task is completed when using multiple processors (or GPUs, in this case) compared to using a single processor. It is calculated using Amdahl's Law or simply by the ratio of the time taken by a single GPU to the time taken by multiple GPUs.

In this case, the speedup can be calculated as the ratio of the time taken by 1 GPU to the time taken by 4 GPUs.

Given:
-"," The speedup is a measure of how much faster a task is completed when using multiple processors (or GPUs, in this case) compared to using a single processor. It is calculated using Amdahl's Law or simply by the ratio of the time taken by a single GPU to the time taken by multiple GPUs.

In this case, the speedup can be calculated as the ratio of the time taken by 1 GPU to the time taken by 4 GPUs.

Given:
-"
phase3_engine_comparison_qwen25_7b_instruct_trtllm,20260423_042550,tensorrt_llm,long_output,Qwen/Qwen2.5-7B-Instruct,gpu,p9,long_context,60,96,96,1.889492110349238,50.8073039703014,length,"In machine learning inference systems, throughput measures how many requests or tokens can be processed in a given time, while latency measures how long a single request takes to complete. Engineers often face tradeoffs between throughput and latency, especially under concurrent workloads. Explain the difference between throughput and latency in simple terms.","In machine learning inference systems, throughput measures how many requests or tokens can be processed in a given time, while latency measures how long a single request takes to complete. Engineers often face tradeoffs between throughput and latency, especially under concurrent workloads. Explain the difference between throughput and latency in simple terms. Throughput and latency are two important metrics used to measure the performance of a system, particularly in the context of machine learning inference.

**Throughput** refers to the rate at which a system can process requests or tasks. It is typically measured in terms of the number of requests or tasks that can be completed per unit of time. For example, if a machine learning model can process 1000 images in one second, its throughput is 1000 images per"," Throughput and latency are two important metrics used to measure the performance of a system, particularly in the context of machine learning inference.

**Throughput** refers to the rate at which a system can process requests or tasks. It is typically measured in terms of the number of requests or tasks that can be completed per unit of time. For example, if a machine learning model can process 1000 images in one second, its throughput is 1000 images per"
phase3_engine_comparison_qwen25_7b_instruct_trtllm,20260423_042550,tensorrt_llm,long_output,Qwen/Qwen2.5-7B-Instruct,gpu,p10,long_context,41,96,96,1.891831030137837,50.744489582140716,length,"Large language models are often deployed using inference servers that support batching, caching, and optimized execution backends. These choices affect memory usage, latency, and cost. Explain why benchmarking different serving stacks matters.","Large language models are often deployed using inference servers that support batching, caching, and optimized execution backends. These choices affect memory usage, latency, and cost. Explain why benchmarking different serving stacks matters. Benchmarking different serving stacks for large language models is crucial for several reasons:

1. **Performance Optimization**: Different serving stacks can have varying levels of performance in terms of latency and throughput. By benchmarking, you can identify the most efficient stack for your specific use case, ensuring that your model is serving requests as quickly and efficiently as possible.

2. **Resource Utilization**: Serving stacks can have different memory footprints and resource requirements. Benchmarking helps you understand how much memory and"," Benchmarking different serving stacks for large language models is crucial for several reasons:

1. **Performance Optimization**: Different serving stacks can have varying levels of performance in terms of latency and throughput. By benchmarking, you can identify the most efficient stack for your specific use case, ensuring that your model is serving requests as quickly and efficiently as possible.

2. **Resource Utilization**: Serving stacks can have different memory footprints and resource requirements. Benchmarking helps you understand how much memory and"
phase3_engine_comparison_qwen25_7b_instruct_trtllm,20260423_042550,tensorrt_llm,long_output,Qwen/Qwen2.5-7B-Instruct,gpu,p11,short_qa,10,96,96,1.890618815086782,50.77702561401488,length,What is the difference between RAM and VRAM?,"What is the difference between RAM and VRAM? RAM and VRAM are both types of memory used in computers, but they serve different purposes and are located in different parts of the system.

RAM (Random Access Memory) is a type of volatile memory that is used to store data and instructions that are currently being used by the CPU (Central Processing Unit). It is a general-purpose memory that can be read from and written to by the CPU, and it is used to store data that is frequently accessed by the CPU. RAM is"," RAM and VRAM are both types of memory used in computers, but they serve different purposes and are located in different parts of the system.

RAM (Random Access Memory) is a type of volatile memory that is used to store data and instructions that are currently being used by the CPU (Central Processing Unit). It is a general-purpose memory that can be read from and written to by the CPU, and it is used to store data that is frequently accessed by the CPU. RAM is"
phase3_engine_comparison_qwen25_7b_instruct_trtllm,20260423_042550,tensorrt_llm,long_output,Qwen/Qwen2.5-7B-Instruct,gpu,p12,coding,10,96,96,1.8876320905983448,50.857368063481985,length,Write a Python function that merges two sorted arrays.,"Write a Python function that merges two sorted arrays. The function should take two parameters, both of which are sorted arrays, and return a new array that is also sorted, containing all elements from both input arrays. The function should be able to handle arrays of any size, including empty arrays. Additionally, provide a simple check function to test the correctness of your solution with given data points.

Example:
- If the input arrays are `[1, 3, 5]` and `[2, 4, 6]`,"," The function should take two parameters, both of which are sorted arrays, and return a new array that is also sorted, containing all elements from both input arrays. The function should be able to handle arrays of any size, including empty arrays. Additionally, provide a simple check function to test the correctness of your solution with given data points.

Example:
- If the input arrays are `[1, 3, 5]` and `[2, 4, 6]`,"
phase3_engine_comparison_qwen25_7b_instruct_trtllm,20260423_042550,tensorrt_llm,long_output,Qwen/Qwen2.5-7B-Instruct,gpu,p13,reasoning,22,96,96,1.8910499038174748,50.76545034914424,length,"If latency drops from 200 ms to 120 ms, what is the percentage reduction?","If latency drops from 200 ms to 120 ms, what is the percentage reduction? To determine the percentage reduction in latency when it drops from 200 ms to 120 ms, we can follow these steps:

1. Calculate the reduction in latency.
2. Divide the reduction by the original latency.
3. Multiply the result by 100 to get the percentage reduction.

Let's go through each step in detail:

1. Calculate the reduction in latency:
   \[
   \text{Reduction} = \text{Original Lat"," To determine the percentage reduction in latency when it drops from 200 ms to 120 ms, we can follow these steps:

1. Calculate the reduction in latency.
2. Divide the reduction by the original latency.
3. Multiply the result by 100 to get the percentage reduction.

Let's go through each step in detail:

1. Calculate the reduction in latency:
   \[
   \text{Reduction} = \text{Original Lat"
phase3_engine_comparison_qwen25_7b_instruct_trtllm,20260423_042550,tensorrt_llm,long_output,Qwen/Qwen2.5-7B-Instruct,gpu,p14,summarization,19,23,96,0.4757821084931493,48.341456287297895,stop,Summarize this in one sentence: Containerization helps package applications and dependencies consistently across environments.,"Summarize this in one sentence: Containerization helps package applications and dependencies consistently across environments. Containerization is a method that packages applications and their dependencies together into portable containers, ensuring consistent behavior across different environments."," Containerization is a method that packages applications and their dependencies together into portable containers, ensuring consistent behavior across different environments."
phase3_engine_comparison_qwen25_7b_instruct_trtllm,20260423_042550,tensorrt_llm,long_output,Qwen/Qwen2.5-7B-Instruct,gpu,p15,long_context,47,96,96,1.9015424624085426,50.48533067118782,length,"Model serving frameworks like vLLM and TensorRT-LLM aim to improve efficiency for large language model inference by optimizing memory management, batching, and execution. Explain what kinds of improvements an engineer might look for when comparing serving frameworks.","Model serving frameworks like vLLM and TensorRT-LLM aim to improve efficiency for large language model inference by optimizing memory management, batching, and execution. Explain what kinds of improvements an engineer might look for when comparing serving frameworks. When comparing serving frameworks like vLLM and TensorRT-LLM for large language model inference, an engineer might look for several key improvements and optimizations. Here are some of the most important aspects to consider:

### 1. **Memory Management**
   - **Memory Efficiency**: How well the framework manages memory to reduce the need for large contiguous blocks of memory, which can be a bottleneck in GPU memory.
   - **Memory Overhead**: The amount of additional memory used by"," When comparing serving frameworks like vLLM and TensorRT-LLM for large language model inference, an engineer might look for several key improvements and optimizations. Here are some of the most important aspects to consider:

### 1. **Memory Management**
   - **Memory Efficiency**: How well the framework manages memory to reduce the need for large contiguous blocks of memory, which can be a bottleneck in GPU memory.
   - **Memory Overhead**: The amount of additional memory used by"
phase3_engine_comparison_qwen25_7b_instruct_trtllm,20260423_042550,tensorrt_llm,long_output,Qwen/Qwen2.5-7B-Instruct,gpu,p16,short_qa,6,96,96,1.890743464231491,50.77367808806364,length,What is a transformer model?,"What is a transformer model? A transformer model is a type of deep learning model that is used for a variety of natural language processing (NLP) tasks, such as language translation, text summarization, and question answering. It is based on the transformer architecture, which was introduced in the paper ""Attention is All You Need"" by Vaswani et al. in 2017.
The transformer model is designed to process and understand the meaning of text by using self-attention mechanisms, which allow"," A transformer model is a type of deep learning model that is used for a variety of natural language processing (NLP) tasks, such as language translation, text summarization, and question answering. It is based on the transformer architecture, which was introduced in the paper ""Attention is All You Need"" by Vaswani et al. in 2017.
The transformer model is designed to process and understand the meaning of text by using self-attention mechanisms, which allow"
phase3_engine_comparison_qwen25_7b_instruct_trtllm,20260423_042550,tensorrt_llm,long_output,Qwen/Qwen2.5-7B-Instruct,gpu,p17,coding,16,96,96,1.8869483331218362,50.87579681695582,length,Write Python code to find the maximum subarray sum using Kadane's algorithm.,"Write Python code to find the maximum subarray sum using Kadane's algorithm. The input will be a list of integers. The output should be the maximum subarray sum. If the list contains all negative numbers, the output should be the largest negative number in the list. 

Additionally, your solution should have a time complexity of O(n), where n is the length of the input list. 

You are not allowed to use any built-in functions or libraries to solve this problem.

Example:
Input: [-2, 1, -3, 4"," The input will be a list of integers. The output should be the maximum subarray sum. If the list contains all negative numbers, the output should be the largest negative number in the list. 

Additionally, your solution should have a time complexity of O(n), where n is the length of the input list. 

You are not allowed to use any built-in functions or libraries to solve this problem.

Example:
Input: [-2, 1, -3, 4"
phase3_engine_comparison_qwen25_7b_instruct_trtllm,20260423_042550,tensorrt_llm,long_output,Qwen/Qwen2.5-7B-Instruct,gpu,p18,reasoning,27,96,96,1.8907700153067708,50.772965100371735,length,"If one server handles 50 requests per second and another handles 80, how much higher is the second server's throughput?","If one server handles 50 requests per second and another handles 80, how much higher is the second server's throughput? To determine how much higher the second server's throughput is compared to the first server, we need to follow these steps:

1. Identify the throughput of the first server.
2. Identify the throughput of the second server.
3. Subtract the throughput of the first server from the throughput of the second server.

The throughput of the first server is 50 requests per second.
The throughput of the second server is 80 requests per second.

Now, we subtract the throughput of"," To determine how much higher the second server's throughput is compared to the first server, we need to follow these steps:

1. Identify the throughput of the first server.
2. Identify the throughput of the second server.
3. Subtract the throughput of the first server from the throughput of the second server.

The throughput of the first server is 50 requests per second.
The throughput of the second server is 80 requests per second.

Now, we subtract the throughput of"
phase3_engine_comparison_qwen25_7b_instruct_trtllm,20260423_042550,tensorrt_llm,long_output,Qwen/Qwen2.5-7B-Instruct,gpu,p19,summarization,26,96,96,1.8871363522484899,50.87072796071025,length,"Summarize this: Profiling tools help engineers identify compute bottlenecks, memory inefficiencies, and kernel-level slowdowns.","Summarize this: Profiling tools help engineers identify compute bottlenecks, memory inefficiencies, and kernel-level slowdowns. They are used to optimize the performance of software and hardware systems. Profiling tools can be broadly categorized into two types: sampling and instrumentation. Sampling tools take periodic snapshots of the system state, while instrumentation tools insert code into the application to collect detailed information. Profiling tools are essential for identifying performance issues and improving the efficiency of software and hardware systems. They can be divided into two main categories: sampling and instrumentation. Sampling tools capture system state at regular intervals, whereas instrumentation tools insert"," They are used to optimize the performance of software and hardware systems. Profiling tools can be broadly categorized into two types: sampling and instrumentation. Sampling tools take periodic snapshots of the system state, while instrumentation tools insert code into the application to collect detailed information. Profiling tools are essential for identifying performance issues and improving the efficiency of software and hardware systems. They can be divided into two main categories: sampling and instrumentation. Sampling tools capture system state at regular intervals, whereas instrumentation tools insert"
phase3_engine_comparison_qwen25_7b_instruct_trtllm,20260423_042550,tensorrt_llm,long_output,Qwen/Qwen2.5-7B-Instruct,gpu,p20,long_context,40,96,96,1.8924494665116072,50.72790671497235,length,"Deep learning deployment often requires balancing accuracy, latency, memory, and cost. Teams may compare multiple serving stacks to understand which one is best suited for production workloads. Explain why these tradeoffs matter.","Deep learning deployment often requires balancing accuracy, latency, memory, and cost. Teams may compare multiple serving stacks to understand which one is best suited for production workloads. Explain why these tradeoffs matter. The tradeoffs between accuracy, latency, memory, and cost are critical in deep learning deployment because they directly impact the performance, efficiency, and feasibility of the model in real-world applications. Here's why each of these factors matters:

1. **Accuracy**:
   - **Importance**: High accuracy is crucial for ensuring that the model makes correct predictions. In applications like medical diagnosis, financial forecasting, or autonomous driving, even small inaccuracies can have significant consequences.
   - **"," The tradeoffs between accuracy, latency, memory, and cost are critical in deep learning deployment because they directly impact the performance, efficiency, and feasibility of the model in real-world applications. Here's why each of these factors matters:

1. **Accuracy**:
   - **Importance**: High accuracy is crucial for ensuring that the model makes correct predictions. In applications like medical diagnosis, financial forecasting, or autonomous driving, even small inaccuracies can have significant consequences.
   - **"
