engine_name,prompt_id,category,concurrency_level,request_index,input_token_count,output_token_count,latency_sec,tokens_per_sec,finish_reason,prompt_text,generated_only_text
vllm,p1,short_qa,1,0,7,64,1.3339738533832133,47.97695235006574,length,What is the capital of France?," The capital of France is Paris. 

Paris is a city located in northern central France and is known for its rich history, culture, art, fashion, food, and architecture. It is home to many famous landmarks such as the Eiffel Tower, Louvre Museum, Notre-Dame Cathedral, and Champs-"
vllm,p2,short_qa,1,1,10,64,1.2458143751136959,51.372019201624006,length,Explain what a GPU does in simple words.," A GPU, or Graphics Processing Unit, is like a specialized brain for handling all the calculations needed to create and display images on your screen. Imagine you're playing a video game or watching a movie with lots of action and special effects. The GPU quickly figures out how to draw all those moving parts, colors, and details"
vllm,p3,summarization,1,2,28,64,1.2466209339909256,51.3387817057674,length,"Summarize this in 2 sentences: Machine learning systems often face bottlenecks in data loading, model serving, and hardware utilization."," To address these challenges, researchers have developed a variety of techniques including optimizing data pipelines, improving model efficiency, and leveraging advanced hardware.

Machine learning systems frequently encounter performance limitations in data handling, model deployment, and hardware use. Various strategies have been devised to tackle these issues, such as refining data processing workflows, enhancing model design"
vllm,p4,summarization,1,3,30,64,1.2461643540300429,51.35759163149444,length,"Summarize this paragraph: NVIDIA develops GPUs, software platforms, and AI infrastructure used in machine learning, inference, robotics, and high-performance computing."," The company's products are used by a wide range of industries including automotive, healthcare, finance, and entertainment. NVIDIA's technology is also used in data centers to power cloud computing services and in self-driving cars. The company has been at the forefront of GPU technology for over two decades and continues to innovate with new products and"
vllm,p5,coding,1,4,13,64,1.247096600010991,51.31920013207954,length,Write a Python function to check if a string is a palindrome.," A string is considered a palindrome if it reads the same backward as forward, e.g., ""madam"" or ""racecar"". Your function should return `True` if the given string is a palindrome and `False` otherwise.

**Example:**
```python
print(is_palindrome(""racecar""))  #"
vllm,p6,coding,1,5,9,64,1.2464496907778084,51.34583487285618,length,Write Python code to reverse a linked list.," The input is the head of the linked list and the output should be the new head of the reversed linked list.

# Example:

# Input: 1->2->3->4->5->NULL
# Output: 5->4->3->2->1->NULL

# Definition for singly-linked list"
vllm,p7,reasoning,1,6,21,64,1.2462039082311094,51.35596155435195,length,"If a train travels 60 miles in 1.5 hours, what is its average speed?"," To find the average speed of the train, we use the formula for average speed, which is the total distance traveled divided by the total time taken. Here are the steps to solve the problem:

1. Identify the total distance traveled. In this case, the train travels 60 miles.
2. Identify the total"
vllm,p8,reasoning,1,7,27,64,1.2461173860356212,51.35952737455066,length,A batch job takes 12 minutes on 1 GPU and 4 minutes on 4 GPUs. What is the speedup?," The speedup of a parallel computing task can be calculated using Amdahl's Law or by simply comparing the time taken for the sequential and parallel executions. In this case, we can use a straightforward comparison to find the speedup.

The speedup is defined as the ratio of the time taken by the sequential execution to"
vllm,p9,long_context,1,8,60,64,1.2489334419369698,51.2437235252044,length,"In machine learning inference systems, throughput measures how many requests or tokens can be processed in a given time, while latency measures how long a single request takes to complete. Engineers often face tradeoffs between throughput and latency, especially under concurrent workloads. Explain the difference between throughput and latency in simple terms."," Throughput and latency are two important metrics used to measure the performance of a system, particularly in the context of machine learning inference.

**Throughput:**
- **Definition:** Throughput refers to the rate at which a system can process requests or tasks.
- **Example:** If you have a system that processes images for"
vllm,p10,long_context,1,9,41,64,1.245680411811918,51.37754386529054,length,"Large language models are often deployed using inference servers that support batching, caching, and optimized execution backends. These choices affect memory usage, latency, and cost. Explain why benchmarking different serving stacks matters."," Benchmarking different serving stacks for large language models is crucial for several reasons:

1. **Performance Optimization**: Different serving stacks can have varying levels of performance in terms of latency and throughput. By benchmarking these stacks, you can identify the most efficient configuration for your specific use case.

2. **Resource Utilization**: Serving"
vllm,p11,short_qa,1,10,10,64,1.2487678993493319,51.25051663591535,length,What is the difference between RAM and VRAM?," RAM (Random Access Memory) and VRAM (Video Random Access Memory) are both types of computer memory, but they serve different purposes.

RAM is a type of volatile memory that is used to store data and instructions that are currently being used by the CPU (Central Processing Unit). It is used for general-purpose computing tasks"
vllm,p12,coding,1,11,10,64,1.2481245468370616,51.27693399043051,length,Write a Python function that merges two sorted arrays.," The function should take two parameters, both of which are sorted lists of integers, and return a new list that is also sorted, containing all elements from both input lists.

For example, given the two lists `[1, 3, 5]` and `[2, 4, 6]`, the function"
vllm,p13,reasoning,1,12,22,64,1.2478535561822355,51.28806956787924,length,"If latency drops from 200 ms to 120 ms, what is the percentage reduction?"," To determine the percentage reduction in latency when it drops from 200 ms to 120 ms, we can follow these steps:

1. Calculate the reduction in latency.
2. Divide the reduction by the original latency.
3. Multiply the result by 100 to get the percentage reduction.

Let"
vllm,p14,summarization,1,13,19,23,0.4739770442247391,48.52555683919243,stop,Summarize this in one sentence: Containerization helps package applications and dependencies consistently across environments.," Containerization is a method that packages applications and their dependencies together into portable containers, ensuring consistent behavior across different environments."
vllm,p15,long_context,1,14,47,64,1.2596907089464366,50.806122126222135,length,"Model serving frameworks like vLLM and TensorRT-LLM aim to improve efficiency for large language model inference by optimizing memory management, batching, and execution. Explain what kinds of improvements an engineer might look for when comparing serving frameworks."," When comparing serving frameworks like vLLM and TensorRT-LLM for large language model (LLM) inference, an engineer would look for several key improvements in terms of efficiency, performance, and usability. Here are some of the main areas of focus:

### 1. **Memory Management**
   - **Eff"
vllm,p16,short_qa,1,15,6,64,1.2483753003180027,51.26663430756526,length,What is a transformer model?," A transformer model is a type of deep learning architecture that was introduced in the paper ""Attention Is All You Need"" by Vaswani et al. in 2017. It has since become one of the most popular and widely used models for natural language processing (NLP) tasks, such as machine translation"
vllm,p2,short_qa,2,1,10,64,1.225756294094026,52.21266275226701,length,Explain what a GPU does in simple words.," A GPU, or Graphics Processing Unit, is like a specialized brain for handling all the calculations needed to create and display images on your screen. Imagine you're playing a video game or watching a movie with lots of action and special effects. The GPU quickly figures out how to draw all those moving parts, colors, and details"
vllm,p1,short_qa,2,0,7,64,1.2462157709524035,51.355472697227114,length,What is the capital of France?," The capital of France is Paris. 

Paris is a city located in northern central France and is known for its rich history, culture, art, fashion, and cuisine. It is one of the most visited cities in the world and is famous for landmarks such as the Eiffel Tower, Louvre Museum, Notre-D"
vllm,p3,summarization,2,2,28,64,1.238890137989074,51.65914074018114,length,"Summarize this in 2 sentences: Machine learning systems often face bottlenecks in data loading, model serving, and hardware utilization."," To address these challenges, researchers have developed a variety of techniques including optimizing data pipelines, improving model efficiency, and leveraging advanced hardware.

Machine learning systems frequently encounter performance limitations in data handling, model deployment, and hardware use. Various strategies have been devised to tackle these issues, such as refining data processing workflows, enhancing model design"
vllm,p4,summarization,2,3,30,64,1.2586685316637158,50.847382285314154,length,"Summarize this paragraph: NVIDIA develops GPUs, software platforms, and AI infrastructure used in machine learning, inference, robotics, and high-performance computing."," The company's products are used by a wide range of industries including automotive, healthcare, finance, and entertainment. NVIDIA's technology is also used in data centers to power cloud computing services and in self-driving cars.
NVIDIA creates GPUs, software, and AI infrastructure for various applications like machine learning, inference, robotics, and"
vllm,p5,coding,2,4,13,64,1.2560919681563973,50.95168317486709,length,Write a Python function to check if a string is a palindrome.," A string is considered a palindrome if it reads the same backward as forward, e.g., ""madam"" or ""racecar"". Your function should return `True` if the given string is a palindrome and `False` otherwise.

**Example:**
```python
print(is_palindrome(""racecar""))  #"
vllm,p6,coding,2,5,9,64,1.2552580870687962,50.98553091137535,length,Write Python code to reverse a linked list.," The input is the head of the linked list and the output should be the new head of the reversed linked list.

# Example:

# Input: 1->2->3->4->5->NULL
# Output: 5->4->3->2->1->NULL

# Definition for singly-linked list"
vllm,p7,reasoning,2,6,21,64,1.2555562891066074,50.9734215465077,length,"If a train travels 60 miles in 1.5 hours, what is its average speed?"," To find the average speed of the train, we use the formula for average speed, which is the total distance traveled divided by the total time taken. Here are the steps to solve the problem:

1. Identify the total distance traveled. In this case, the train travels 60 miles.
2. Identify the total"
vllm,p8,reasoning,2,7,27,64,1.2556261108256876,50.97058706266805,length,A batch job takes 12 minutes on 1 GPU and 4 minutes on 4 GPUs. What is the speedup?," The speedup of a parallel computing task can be calculated using Amdahl's Law or by simply comparing the time taken for the sequential and parallel executions. In this case, we are given the time taken for the job to run sequentially (on 1 GPU) and in parallel (on 4 GPUs).

The speed"
vllm,p9,long_context,2,8,60,64,1.25517006078735,50.98910657560915,length,"In machine learning inference systems, throughput measures how many requests or tokens can be processed in a given time, while latency measures how long a single request takes to complete. Engineers often face tradeoffs between throughput and latency, especially under concurrent workloads. Explain the difference between throughput and latency in simple terms."," Throughput and latency are two important metrics used to measure the performance of a system, particularly in the context of machine learning inference.

**Throughput:**
- **Definition:** Throughput refers to the rate at which a system can process requests or tasks.
- **Example:** If you have a system that processes images for"
vllm,p10,long_context,2,9,41,64,1.2558945058844984,50.959694226010036,length,"Large language models are often deployed using inference servers that support batching, caching, and optimized execution backends. These choices affect memory usage, latency, and cost. Explain why benchmarking different serving stacks matters."," Benchmarking different serving stacks for large language models is crucial for several reasons:

1. **Performance Optimization**: Different serving stacks can have varying levels of performance in terms of latency and throughput. By benchmarking these stacks, you can identify the most efficient configuration for your specific use case.

2. **Resource Utilization**: Serving"
vllm,p11,short_qa,2,10,10,64,1.2553045651875436,50.98364315311667,length,What is the difference between RAM and VRAM?," RAM (Random Access Memory) and VRAM (Video Random Access Memory) are both types of computer memory, but they serve different purposes.

RAM is a type of volatile memory that is used to store data and instructions that are currently being used by the CPU (Central Processing Unit). It is used for general-purpose computing tasks"
vllm,p12,coding,2,11,10,64,1.255454758182168,50.97754386041645,length,Write a Python function that merges two sorted arrays.," The function should take two parameters, both of which are sorted lists of integers, and return a new list that is also sorted, containing all elements from both input lists.

For example, given the two lists `[1, 3, 5]` and `[2, 4, 6]`, the function"
vllm,p14,summarization,2,13,19,22,0.4750087270513177,46.31493854137805,stop,Summarize this in one sentence: Containerization helps package applications and dependencies consistently across environments.," Containerization is a method that packages applications and their dependencies into portable containers, ensuring consistent behavior across different environments."
vllm,p13,reasoning,2,12,22,64,1.256385029759258,50.939798297551626,length,"If latency drops from 200 ms to 120 ms, what is the percentage reduction?"," To determine the percentage reduction in latency when it drops from 200 ms to 120 ms, we can follow these steps:

1. Calculate the reduction in latency.
2. Divide the reduction by the original latency.
3. Multiply the result by 100 to get the percentage reduction.

Let"
vllm,p15,long_context,2,14,47,64,1.2562856539152563,50.94382778354736,length,"Model serving frameworks like vLLM and TensorRT-LLM aim to improve efficiency for large language model inference by optimizing memory management, batching, and execution. Explain what kinds of improvements an engineer might look for when comparing serving frameworks."," When comparing serving frameworks like vLLM and TensorRT-LLM for large language model (LLM) inference, an engineer would look for several key improvements in terms of efficiency, performance, and usability. Here are some of the main areas of focus:

### 1. **Memory Management**
   - **Eff"
vllm,p16,short_qa,2,15,6,64,1.2684225598350167,50.45637158040177,length,What is a transformer model?," A transformer model is a type of deep learning architecture that was introduced in the paper ""Attention Is All You Need"" by Vaswani et al. in 2017. It has become one of the most popular and widely used models for natural language processing (NLP) tasks, such as machine translation,"
vllm,p1,short_qa,4,0,7,64,1.2328335377387702,51.91292907020283,length,What is the capital of France?," The capital of France is Paris. 

Paris is a city located in northern France on the Seine River and is known for its rich history, culture, art, fashion, food, and architecture. It is home to many famous landmarks such as the Eiffel Tower, Louvre Museum, Notre-Dame Cathedral,"
vllm,p4,summarization,4,3,30,64,1.246878850273788,51.32816230377712,length,"Summarize this paragraph: NVIDIA develops GPUs, software platforms, and AI infrastructure used in machine learning, inference, robotics, and high-performance computing."," The company's products are used by a wide range of industries including automotive, healthcare, finance, and entertainment. NVIDIA's technology is also used in data centers to power cloud computing services and in self-driving cars.
NVIDIA creates GPUs, software, and AI infrastructure for various applications like machine learning, inference, robotics, and"
vllm,p2,short_qa,4,1,10,64,1.2513284836895764,51.14564307790249,length,Explain what a GPU does in simple words.," A GPU, or Graphics Processing Unit, is like a specialized brain for handling all the calculations needed to create and display images on your screen. Imagine you're playing a video game or watching a movie with lots of moving objects and colors. The GPU quickly figures out how all those elements should look and move, making sure everything"
vllm,p3,summarization,4,2,28,64,1.2489903778769076,51.24138755079139,length,"Summarize this in 2 sentences: Machine learning systems often face bottlenecks in data loading, model serving, and hardware utilization."," To address these challenges, researchers have developed a variety of techniques including optimizing data pipelines, improving model efficiency, and leveraging advanced hardware.

Machine learning systems frequently encounter performance limitations in data handling, model deployment, and hardware use. Various strategies have been devised to tackle these issues, such as refining data processing workflows, enhancing model design"
vllm,p5,coding,4,4,13,64,1.241852399893105,51.53591522270193,length,Write a Python function to check if a string is a palindrome.," A string is considered a palindrome if it reads the same backward as forward, e.g., ""madam"" or ""racecar"". Your function should return `True` if the given string is a palindrome and `False` otherwise. Additionally, your function should ignore any non-alphanumeric characters and case sensitivity when determining if"
vllm,p6,coding,4,5,9,64,1.260151696857065,50.78753626219917,length,Write Python code to reverse a linked list.," The input is the head of the linked list and the output should be the new head of the reversed linked list.

# Example:

# Input: 1->2->3->4->5->NULL
# Output: 5->4->3->2->1->NULL

# Definition for singly-linked list"
vllm,p7,reasoning,4,6,21,64,1.2590227299369872,50.833077495910764,length,"If a train travels 60 miles in 1.5 hours, what is its average speed?"," To find the average speed of the train, we use the formula for average speed, which is the total distance traveled divided by the total time taken. Here are the steps to solve the problem:

1. Identify the total distance traveled. In this case, the train travels 60 miles.
2. Identify the total"
vllm,p8,reasoning,4,7,27,64,1.2589916908182204,50.83433073208475,length,A batch job takes 12 minutes on 1 GPU and 4 minutes on 4 GPUs. What is the speedup?," The speedup of a parallel computing task can be calculated using Amdahl's Law or by simply comparing the time taken by the sequential and parallel versions of the job. In this case, we can use a simple comparison to find the speedup.

The speedup is defined as the ratio of the time taken by the"
vllm,p9,long_context,4,8,60,64,1.2598721198737621,50.79880647443229,length,"In machine learning inference systems, throughput measures how many requests or tokens can be processed in a given time, while latency measures how long a single request takes to complete. Engineers often face tradeoffs between throughput and latency, especially under concurrent workloads. Explain the difference between throughput and latency in simple terms."," Throughput and latency are two important metrics used to measure the performance of a system, particularly in the context of machine learning inference.

**Throughput:**
- **Definition:** Throughput refers to the rate at which a system can process requests or tasks.
- **Example:** If you have a machine learning model that processes"
vllm,p11,short_qa,4,10,10,64,1.2587247691117227,50.845110520200976,length,What is the difference between RAM and VRAM?," RAM (Random Access Memory) and VRAM (Video Random Access Memory) are both types of computer memory, but they serve different purposes.

RAM is a type of volatile memory that is used to store data and instructions that are currently being used by the CPU (Central Processing Unit). It is used for general-purpose computing tasks"
vllm,p12,coding,4,11,10,64,1.258001476060599,50.87434412272268,length,Write a Python function that merges two sorted arrays.," The function should take two parameters, both of which are sorted lists of integers, and return a single merged list that is also sorted. The function should be able to handle any number of input arrays, not just two. Additionally, provide a simple way to test the function with predefined data points.

### Guidelines:
- Import"
vllm,p10,long_context,4,9,41,64,1.2609656709246337,50.75475207272728,length,"Large language models are often deployed using inference servers that support batching, caching, and optimized execution backends. These choices affect memory usage, latency, and cost. Explain why benchmarking different serving stacks matters."," Benchmarking different serving stacks for large language models is crucial for several reasons:

1. **Performance Optimization**: Different serving stacks can have varying levels of performance in terms of latency and throughput. By benchmarking these stacks, you can identify the most efficient configuration for your specific use case.

2. **Resource Utilization**: Serving"
vllm,p14,summarization,4,13,19,23,0.4945119130425155,46.510507418296676,stop,Summarize this in one sentence: Containerization helps package applications and dependencies consistently across environments.," Containerization is a method that packages applications and their dependencies together into portable containers, ensuring consistent behavior across different environments."
vllm,p13,reasoning,4,12,22,64,1.2578282998874784,50.88134843660717,length,"If latency drops from 200 ms to 120 ms, what is the percentage reduction?"," To determine the percentage reduction in latency when it drops from 200 ms to 120 ms, we can follow these steps:

1. Calculate the reduction in latency.
2. Divide the reduction by the original latency.
3. Multiply the result by 100 to get the percentage reduction.

Let"
vllm,p15,long_context,4,14,47,64,1.255283776205033,50.98448750248684,length,"Model serving frameworks like vLLM and TensorRT-LLM aim to improve efficiency for large language model inference by optimizing memory management, batching, and execution. Explain what kinds of improvements an engineer might look for when comparing serving frameworks."," When comparing serving frameworks like vLLM and TensorRT-LLM for large language model (LLM) inference, an engineer would look for several key improvements in terms of efficiency, performance, and usability. Here are some of the main areas of focus:

### 1. **Memory Management**
   - **Eff"
vllm,p16,short_qa,4,15,6,64,1.2553320969454944,50.98252498739291,length,What is a transformer model?," A transformer model is a type of deep learning architecture that was introduced in the paper ""Attention Is All You Need"" by Vaswani et al. in 2017. It has since become one of the most popular and widely used models for natural language processing (NLP) tasks, such as machine translation"
vllm,p2,short_qa,8,1,10,64,1.2462653238326311,51.35343074713918,length,Explain what a GPU does in simple words.," A GPU, or Graphics Processing Unit, is like a specialized brain for handling all the calculations needed to create and display images on your screen. Imagine you're playing a video game or watching a movie with lots of action and special effects. The GPU quickly figures out how to draw all those moving parts, colors, and details"
vllm,p1,short_qa,8,0,7,64,1.2669735187664628,50.514078670176936,length,What is the capital of France?," The capital of France is Paris. 

Paris is a city located in northern central France and is known for its rich history, culture, art, fashion, and cuisine. It is one of the most visited cities in the world and is famous for landmarks such as the Eiffel Tower, Louvre Museum, Notre-D"
vllm,p4,summarization,8,3,30,64,1.26458933763206,50.60931489414565,length,"Summarize this paragraph: NVIDIA develops GPUs, software platforms, and AI infrastructure used in machine learning, inference, robotics, and high-performance computing."," The company's products are used by a wide range of industries including automotive, healthcare, finance, and entertainment. NVIDIA's technology is also used in data centers to power cloud computing services and in self-driving cars.
NVIDIA creates GPUs, software, and AI infrastructure for various applications like machine learning, inference, robotics, and"
vllm,p3,summarization,8,2,28,64,1.2664435617625713,50.53521683266175,length,"Summarize this in 2 sentences: Machine learning systems often face bottlenecks in data loading, model serving, and hardware utilization."," To address these challenges, researchers have developed a variety of techniques including optimizing data pipelines, improving model efficiency, and leveraging advanced hardware.

Machine learning systems frequently encounter performance limitations in data handling, model deployment, and hardware use. Various strategies have been devised to tackle these issues, such as refining data processing workflows, enhancing model design"
vllm,p5,coding,8,4,13,64,1.2819409789517522,49.92429530752113,length,Write a Python function to check if a string is a palindrome.," A string is considered a palindrome if it reads the same backward as forward, e.g., ""madam"" or ""racecar"". Your function should return `True` if the given string is a palindrome and `False` otherwise.

**Example:**
```python
print(is_palindrome(""racecar""))  #"
vllm,p6,coding,8,5,9,64,1.2809650911949575,49.96232952788522,length,Write Python code to reverse a linked list.," The input is the head of the linked list and the output should be the new head of the reversed linked list.

# Example:

# Input: 1->2->3->4->5->NULL
# Output: 5->4->3->2->1->NULL

# Definition for singly-linked list"
vllm,p7,reasoning,8,6,21,64,1.2800377239473164,49.998526451736126,length,"If a train travels 60 miles in 1.5 hours, what is its average speed?"," To find the average speed of the train, we use the formula for average speed, which is the total distance traveled divided by the total time taken. Here are the steps to solve the problem:

1. Identify the total distance traveled. In this case, the train travels 60 miles.
2. Identify the total"
vllm,p8,reasoning,8,7,27,64,1.279867634177208,50.00517107469778,length,A batch job takes 12 minutes on 1 GPU and 4 minutes on 4 GPUs. What is the speedup?," The speedup of a parallel computing task can be calculated using Amdahl's Law or by simply comparing the time taken by the sequential and parallel versions of the job. In this case, we can use a simple comparison to find the speedup.

The speedup is defined as the ratio of the time taken by the"
vllm,p14,summarization,8,13,19,23,0.4996310477145016,46.033968675907076,stop,Summarize this in one sentence: Containerization helps package applications and dependencies consistently across environments.," Containerization is a method that packages applications and their dependencies together into portable containers, ensuring consistent behavior across different environments."
vllm,p9,long_context,8,8,60,64,1.2724893223494291,50.295117511740834,length,"In machine learning inference systems, throughput measures how many requests or tokens can be processed in a given time, while latency measures how long a single request takes to complete. Engineers often face tradeoffs between throughput and latency, especially under concurrent workloads. Explain the difference between throughput and latency in simple terms."," Throughput and latency are two important metrics used to measure the performance of a system, particularly in the context of machine learning inference.

**Throughput:**
- **Definition:** Throughput refers to the rate at which a system can process requests or tasks.
- **Example:** If you have a system that processes images for"
vllm,p11,short_qa,8,10,10,64,1.2717328369617462,50.32503536898538,length,What is the difference between RAM and VRAM?," RAM (Random Access Memory) and VRAM (Video Random Access Memory) are both types of computer memory, but they serve different purposes.

RAM is a type of volatile memory that is used to store data and instructions that are currently being used by the CPU (Central Processing Unit). It is used for general-purpose computing tasks"
vllm,p12,coding,8,11,10,64,1.2704375861212611,50.37634331600396,length,Write a Python function that merges two sorted arrays.," The function should take two parameters, both of which are sorted lists of integers, and return a new list that is also sorted, containing all elements from both input lists.

For example, given the two lists `[1, 3, 5]` and `[2, 4, 6]`, the function"
vllm,p10,long_context,8,9,41,64,1.2729103351011872,50.27848249414399,length,"Large language models are often deployed using inference servers that support batching, caching, and optimized execution backends. These choices affect memory usage, latency, and cost. Explain why benchmarking different serving stacks matters."," Benchmarking different serving stacks for large language models is crucial for several reasons:

1. **Performance Optimization**: Different serving stacks can have varying levels of performance in terms of latency and throughput. By benchmarking these stacks, you can identify the most efficient configuration for your specific use case.

2. **Resource Utilization**: Serving"
vllm,p13,reasoning,8,12,22,64,1.2720522992312908,50.31239677698441,length,"If latency drops from 200 ms to 120 ms, what is the percentage reduction?"," To determine the percentage reduction in latency when it drops from 200 ms to 120 ms, we can follow these steps:

1. Calculate the reduction in latency.
2. Divide the reduction by the original latency.
3. Multiply the result by 100 to get the percentage reduction.

Let"
vllm,p16,short_qa,8,15,6,64,1.2696033343672752,50.409445428792374,length,What is a transformer model?," A transformer model is a type of deep learning architecture that was introduced in the paper ""Attention Is All You Need"" by Vaswani et al. in 2017. It has since become one of the most popular and widely used models for natural language processing (NLP) tasks, such as machine translation"
vllm,p15,long_context,8,14,47,64,1.2713793409056962,50.33902781085631,length,"Model serving frameworks like vLLM and TensorRT-LLM aim to improve efficiency for large language model inference by optimizing memory management, batching, and execution. Explain what kinds of improvements an engineer might look for when comparing serving frameworks."," When comparing serving frameworks like vLLM and TensorRT-LLM for large language model (LLM) inference, an engineer would look for several key improvements in terms of efficiency, performance, and usability. Here are some of the main areas of focus:

### 1. **Memory Management**
   - **Eff"
