run_name,run_timestamp,engine_name,setting_label,model_name,device,prompt_id,category,input_token_count,output_token_count,max_new_tokens,latency_sec,tokens_per_sec,prompt_text,output_text,generated_only_text,finish_reason
phase3_engine_comparison_qwen25_7b_instruct_vllm,20260416_040050,vllm,short_output,Qwen/Qwen2.5-7B-Instruct,server_managed,p1,short_qa,7,32,32,0.6825717319734395,46.881519554702564,What is the capital of France?,"What is the capital of France? The capital of France is Paris. 

Paris is a city located in northern central France and is known for its rich history, culture, art, fashion, food"," The capital of France is Paris. 

Paris is a city located in northern central France and is known for its rich history, culture, art, fashion, food",length
phase3_engine_comparison_qwen25_7b_instruct_vllm,20260416_040050,vllm,short_output,Qwen/Qwen2.5-7B-Instruct,server_managed,p2,short_qa,10,32,32,0.6249340591020882,51.20540244834461,Explain what a GPU does in simple words.,"Explain what a GPU does in simple words. A GPU, or Graphics Processing Unit, is like a specialized brain for handling all the calculations needed to create and display images on your screen. Imagine you're playing"," A GPU, or Graphics Processing Unit, is like a specialized brain for handling all the calculations needed to create and display images on your screen. Imagine you're playing",length
phase3_engine_comparison_qwen25_7b_instruct_vllm,20260416_040050,vllm,short_output,Qwen/Qwen2.5-7B-Instruct,server_managed,p3,summarization,28,32,32,0.626817827578634,51.05151543569589,"Summarize this in 2 sentences: Machine learning systems often face bottlenecks in data loading, model serving, and hardware utilization.","Summarize this in 2 sentences: Machine learning systems often face bottlenecks in data loading, model serving, and hardware utilization. To address these challenges, researchers have developed a variety of techniques including optimizing data pipelines, improving model efficiency, and leveraging advanced hardware.

Machine learning systems frequently encounter performance"," To address these challenges, researchers have developed a variety of techniques including optimizing data pipelines, improving model efficiency, and leveraging advanced hardware.

Machine learning systems frequently encounter performance",length
phase3_engine_comparison_qwen25_7b_instruct_vllm,20260416_040050,vllm,short_output,Qwen/Qwen2.5-7B-Instruct,server_managed,p4,summarization,30,32,32,0.6268249116837978,51.05093847345751,"Summarize this paragraph: NVIDIA develops GPUs, software platforms, and AI infrastructure used in machine learning, inference, robotics, and high-performance computing.","Summarize this paragraph: NVIDIA develops GPUs, software platforms, and AI infrastructure used in machine learning, inference, robotics, and high-performance computing. The company's products are used by a wide range of industries including automotive, healthcare, finance, and entertainment. NVIDIA's technology is also used in data centers to"," The company's products are used by a wide range of industries including automotive, healthcare, finance, and entertainment. NVIDIA's technology is also used in data centers to",length
phase3_engine_comparison_qwen25_7b_instruct_vllm,20260416_040050,vllm,short_output,Qwen/Qwen2.5-7B-Instruct,server_managed,p5,coding,13,32,32,0.6265677982009947,51.07188733905348,Write a Python function to check if a string is a palindrome.,"Write a Python function to check if a string is a palindrome. A string is considered a palindrome if it reads the same backward as forward, e.g., ""madam"" or ""racecar"". Your function should return `"," A string is considered a palindrome if it reads the same backward as forward, e.g., ""madam"" or ""racecar"". Your function should return `",length
phase3_engine_comparison_qwen25_7b_instruct_vllm,20260416_040050,vllm,short_output,Qwen/Qwen2.5-7B-Instruct,server_managed,p6,coding,9,32,32,0.6265889969654381,51.07015947451289,Write Python code to reverse a linked list.,"Write Python code to reverse a linked list. The input is the head of the linked list and the output should be the new head of the reversed linked list.

# Example:

# Input: 1->"," The input is the head of the linked list and the output should be the new head of the reversed linked list.

# Example:

# Input: 1->",length
phase3_engine_comparison_qwen25_7b_instruct_vllm,20260416_040050,vllm,short_output,Qwen/Qwen2.5-7B-Instruct,server_managed,p7,reasoning,21,32,32,0.6262214849703014,51.10013113254586,"If a train travels 60 miles in 1.5 hours, what is its average speed?","If a train travels 60 miles in 1.5 hours, what is its average speed? To find the average speed of the train, we use the formula for average speed, which is the total distance traveled divided by the total time taken. Here are"," To find the average speed of the train, we use the formula for average speed, which is the total distance traveled divided by the total time taken. Here are",length
phase3_engine_comparison_qwen25_7b_instruct_vllm,20260416_040050,vllm,short_output,Qwen/Qwen2.5-7B-Instruct,server_managed,p8,reasoning,27,32,32,0.626041395124048,51.11483082306292,A batch job takes 12 minutes on 1 GPU and 4 minutes on 4 GPUs. What is the speedup?,A batch job takes 12 minutes on 1 GPU and 4 minutes on 4 GPUs. What is the speedup? The speedup of a parallel computing task can be calculated using Amdahl's Law or by simply comparing the time taken for the sequential and parallel executions. In, The speedup of a parallel computing task can be calculated using Amdahl's Law or by simply comparing the time taken for the sequential and parallel executions. In,length
phase3_engine_comparison_qwen25_7b_instruct_vllm,20260416_040050,vllm,short_output,Qwen/Qwen2.5-7B-Instruct,server_managed,p9,long_context,60,32,32,0.6263645952567458,51.08845589665433,"In machine learning inference systems, throughput measures how many requests or tokens can be processed in a given time, while latency measures how long a single request takes to complete. Engineers often face tradeoffs between throughput and latency, especially under concurrent workloads. Explain the difference between throughput and latency in simple terms.","In machine learning inference systems, throughput measures how many requests or tokens can be processed in a given time, while latency measures how long a single request takes to complete. Engineers often face tradeoffs between throughput and latency, especially under concurrent workloads. Explain the difference between throughput and latency in simple terms. Throughput and latency are two important metrics used to measure the performance of a system, particularly in the context of machine learning inference.

**Throughput:**
-"," Throughput and latency are two important metrics used to measure the performance of a system, particularly in the context of machine learning inference.

**Throughput:**
-",length
phase3_engine_comparison_qwen25_7b_instruct_vllm,20260416_040050,vllm,short_output,Qwen/Qwen2.5-7B-Instruct,server_managed,p10,long_context,41,32,32,0.6267516138032079,51.05690882201318,"Large language models are often deployed using inference servers that support batching, caching, and optimized execution backends. These choices affect memory usage, latency, and cost. Explain why benchmarking different serving stacks matters.","Large language models are often deployed using inference servers that support batching, caching, and optimized execution backends. These choices affect memory usage, latency, and cost. Explain why benchmarking different serving stacks matters. Benchmarking different serving stacks for large language models is crucial for several reasons:

1. **Performance Optimization**: Different serving stacks can have varying levels of performance in terms"," Benchmarking different serving stacks for large language models is crucial for several reasons:

1. **Performance Optimization**: Different serving stacks can have varying levels of performance in terms",length
phase3_engine_comparison_qwen25_7b_instruct_vllm,20260416_040050,vllm,short_output,Qwen/Qwen2.5-7B-Instruct,server_managed,p11,short_qa,10,32,32,0.6274055358953774,51.00369405305365,What is the difference between RAM and VRAM?,"What is the difference between RAM and VRAM? RAM (Random Access Memory) and VRAM (Video Random Access Memory) are both types of computer memory, but they serve different purposes.

RAM is a type"," RAM (Random Access Memory) and VRAM (Video Random Access Memory) are both types of computer memory, but they serve different purposes.

RAM is a type",length
phase3_engine_comparison_qwen25_7b_instruct_vllm,20260416_040050,vllm,short_output,Qwen/Qwen2.5-7B-Instruct,server_managed,p12,coding,10,32,32,0.6276017460040748,50.987748526423374,Write a Python function that merges two sorted arrays.,"Write a Python function that merges two sorted arrays. The function should take two parameters, both of which are sorted lists of integers, and return a new list that is also sorted, containing all elements from both input"," The function should take two parameters, both of which are sorted lists of integers, and return a new list that is also sorted, containing all elements from both input",length
phase3_engine_comparison_qwen25_7b_instruct_vllm,20260416_040050,vllm,short_output,Qwen/Qwen2.5-7B-Instruct,server_managed,p13,reasoning,22,32,32,0.6273966589942575,51.004415693410465,"If latency drops from 200 ms to 120 ms, what is the percentage reduction?","If latency drops from 200 ms to 120 ms, what is the percentage reduction? To determine the percentage reduction in latency when it drops from 200 ms to 120 ms, we can follow these steps:

1. Calculate"," To determine the percentage reduction in latency when it drops from 200 ms to 120 ms, we can follow these steps:

1. Calculate",length
phase3_engine_comparison_qwen25_7b_instruct_vllm,20260416_040050,vllm,short_output,Qwen/Qwen2.5-7B-Instruct,server_managed,p14,summarization,19,23,32,0.47263051057234406,48.66380710832138,Summarize this in one sentence: Containerization helps package applications and dependencies consistently across environments.,"Summarize this in one sentence: Containerization helps package applications and dependencies consistently across environments. Containerization is a method that packages applications and their dependencies together into portable containers, ensuring consistent behavior across different environments."," Containerization is a method that packages applications and their dependencies together into portable containers, ensuring consistent behavior across different environments.",stop
phase3_engine_comparison_qwen25_7b_instruct_vllm,20260416_040050,vllm,short_output,Qwen/Qwen2.5-7B-Instruct,server_managed,p15,long_context,47,32,32,0.638454232364893,50.12105547717817,"Model serving frameworks like vLLM and TensorRT-LLM aim to improve efficiency for large language model inference by optimizing memory management, batching, and execution. Explain what kinds of improvements an engineer might look for when comparing serving frameworks.","Model serving frameworks like vLLM and TensorRT-LLM aim to improve efficiency for large language model inference by optimizing memory management, batching, and execution. Explain what kinds of improvements an engineer might look for when comparing serving frameworks. When comparing serving frameworks like vLLM and TensorRT-LLM for large language model (LLM) inference, an engineer would look for several key improvements"," When comparing serving frameworks like vLLM and TensorRT-LLM for large language model (LLM) inference, an engineer would look for several key improvements",length
phase3_engine_comparison_qwen25_7b_instruct_vllm,20260416_040050,vllm,short_output,Qwen/Qwen2.5-7B-Instruct,server_managed,p16,short_qa,6,32,32,0.6269171359017491,51.04342849708779,What is a transformer model?,"What is a transformer model? A transformer model is a type of deep learning architecture that was introduced in the paper ""Attention Is All You Need"" by Vaswani et al. in "," A transformer model is a type of deep learning architecture that was introduced in the paper ""Attention Is All You Need"" by Vaswani et al. in ",length
phase3_engine_comparison_qwen25_7b_instruct_vllm,20260416_040050,vllm,short_output,Qwen/Qwen2.5-7B-Instruct,server_managed,p17,coding,16,32,32,0.6263525220565498,51.08944064746802,Write Python code to find the maximum subarray sum using Kadane's algorithm.,"Write Python code to find the maximum subarray sum using Kadane's algorithm. The input will be a list of integers, which can contain both positive and negative numbers. Your task is to return the maximum sum along with the starting and ending"," The input will be a list of integers, which can contain both positive and negative numbers. Your task is to return the maximum sum along with the starting and ending",length
phase3_engine_comparison_qwen25_7b_instruct_vllm,20260416_040050,vllm,short_output,Qwen/Qwen2.5-7B-Instruct,server_managed,p18,reasoning,27,32,32,0.627742170356214,50.976342694710965,"If one server handles 50 requests per second and another handles 80, how much higher is the second server's throughput?","If one server handles 50 requests per second and another handles 80, how much higher is the second server's throughput? To determine how much higher the second server's throughput is compared to the first server, we need to follow these steps:

1. Identify the throughput of each server"," To determine how much higher the second server's throughput is compared to the first server, we need to follow these steps:

1. Identify the throughput of each server",length
phase3_engine_comparison_qwen25_7b_instruct_vllm,20260416_040050,vllm,short_output,Qwen/Qwen2.5-7B-Instruct,server_managed,p19,summarization,26,32,32,0.6278932350687683,50.964078306235116,"Summarize this: Profiling tools help engineers identify compute bottlenecks, memory inefficiencies, and kernel-level slowdowns.","Summarize this: Profiling tools help engineers identify compute bottlenecks, memory inefficiencies, and kernel-level slowdowns. They are used to optimize the performance of software applications.
Profiling tools assist engineers in pinpointing compute bottlenecks, memory inefficiencies, and kernel-level slowdown"," They are used to optimize the performance of software applications.
Profiling tools assist engineers in pinpointing compute bottlenecks, memory inefficiencies, and kernel-level slowdown",length
phase3_engine_comparison_qwen25_7b_instruct_vllm,20260416_040050,vllm,short_output,Qwen/Qwen2.5-7B-Instruct,server_managed,p20,long_context,40,32,32,0.6272419476881623,51.01699610165266,"Deep learning deployment often requires balancing accuracy, latency, memory, and cost. Teams may compare multiple serving stacks to understand which one is best suited for production workloads. Explain why these tradeoffs matter.","Deep learning deployment often requires balancing accuracy, latency, memory, and cost. Teams may compare multiple serving stacks to understand which one is best suited for production workloads. Explain why these tradeoffs matter. The tradeoffs between accuracy, latency, memory, and cost are critical in deep learning deployment because they directly impact the performance, efficiency, and feasibility of a model"," The tradeoffs between accuracy, latency, memory, and cost are critical in deep learning deployment because they directly impact the performance, efficiency, and feasibility of a model",length
phase3_engine_comparison_qwen25_7b_instruct_vllm,20260416_040050,vllm,default_output,Qwen/Qwen2.5-7B-Instruct,server_managed,p1,short_qa,7,64,64,1.2462174613028765,51.35540303944245,What is the capital of France?,"What is the capital of France? The capital of France is Paris. 

Paris is a city located in northern central France and is known for its rich history, culture, art, fashion, food, and architecture. It is home to many famous landmarks such as the Eiffel Tower, Louvre Museum, Notre-Dame Cathedral, and Champs-"," The capital of France is Paris. 

Paris is a city located in northern central France and is known for its rich history, culture, art, fashion, food, and architecture. It is home to many famous landmarks such as the Eiffel Tower, Louvre Museum, Notre-Dame Cathedral, and Champs-",length
phase3_engine_comparison_qwen25_7b_instruct_vllm,20260416_040050,vllm,default_output,Qwen/Qwen2.5-7B-Instruct,server_managed,p2,short_qa,10,64,64,1.2461451049894094,51.35838494550273,Explain what a GPU does in simple words.,"Explain what a GPU does in simple words. A GPU, or Graphics Processing Unit, is like a specialized brain for handling all the calculations needed to create and display images on your screen. Imagine you're playing a video game or watching a movie with lots of action and special effects. The GPU quickly figures out how to draw all those moving parts, colors, and details"," A GPU, or Graphics Processing Unit, is like a specialized brain for handling all the calculations needed to create and display images on your screen. Imagine you're playing a video game or watching a movie with lots of action and special effects. The GPU quickly figures out how to draw all those moving parts, colors, and details",length
phase3_engine_comparison_qwen25_7b_instruct_vllm,20260416_040050,vllm,default_output,Qwen/Qwen2.5-7B-Instruct,server_managed,p3,summarization,28,64,64,1.2484126770868897,51.26509941355361,"Summarize this in 2 sentences: Machine learning systems often face bottlenecks in data loading, model serving, and hardware utilization.","Summarize this in 2 sentences: Machine learning systems often face bottlenecks in data loading, model serving, and hardware utilization. To address these challenges, researchers have developed a variety of techniques including optimizing data pipelines, improving model efficiency, and leveraging advanced hardware.

Machine learning systems frequently encounter performance limitations in data handling, model deployment, and hardware use. Various strategies have been devised to tackle these issues, such as refining data processing workflows, enhancing model design"," To address these challenges, researchers have developed a variety of techniques including optimizing data pipelines, improving model efficiency, and leveraging advanced hardware.

Machine learning systems frequently encounter performance limitations in data handling, model deployment, and hardware use. Various strategies have been devised to tackle these issues, such as refining data processing workflows, enhancing model design",length
phase3_engine_comparison_qwen25_7b_instruct_vllm,20260416_040050,vllm,default_output,Qwen/Qwen2.5-7B-Instruct,server_managed,p4,summarization,30,64,64,1.2486910107545555,51.25367240477391,"Summarize this paragraph: NVIDIA develops GPUs, software platforms, and AI infrastructure used in machine learning, inference, robotics, and high-performance computing.","Summarize this paragraph: NVIDIA develops GPUs, software platforms, and AI infrastructure used in machine learning, inference, robotics, and high-performance computing. The company's products are used by a wide range of industries including automotive, healthcare, finance, and entertainment. NVIDIA's technology is also used in data centers to power cloud computing services and in self-driving cars.
NVIDIA creates GPUs, software, and AI infrastructure for various applications like machine learning, inference, robotics, and"," The company's products are used by a wide range of industries including automotive, healthcare, finance, and entertainment. NVIDIA's technology is also used in data centers to power cloud computing services and in self-driving cars.
NVIDIA creates GPUs, software, and AI infrastructure for various applications like machine learning, inference, robotics, and",length
phase3_engine_comparison_qwen25_7b_instruct_vllm,20260416_040050,vllm,default_output,Qwen/Qwen2.5-7B-Instruct,server_managed,p5,coding,13,64,64,1.2484854841604829,51.26210982183379,Write a Python function to check if a string is a palindrome.,"Write a Python function to check if a string is a palindrome. A string is considered a palindrome if it reads the same backward as forward, e.g., ""madam"" or ""racecar"". Your function should return `True` if the given string is a palindrome and `False` otherwise.

**Example:**
```python
print(is_palindrome(""racecar""))  #"," A string is considered a palindrome if it reads the same backward as forward, e.g., ""madam"" or ""racecar"". Your function should return `True` if the given string is a palindrome and `False` otherwise.

**Example:**
```python
print(is_palindrome(""racecar""))  #",length
phase3_engine_comparison_qwen25_7b_instruct_vllm,20260416_040050,vllm,default_output,Qwen/Qwen2.5-7B-Instruct,server_managed,p6,coding,9,64,64,1.2476328467018902,51.297142560155905,Write Python code to reverse a linked list.,"Write Python code to reverse a linked list. The input is the head of the linked list and the output should be the new head of the reversed linked list.

# Example:

# Input: 1->2->3->4->5->NULL
# Output: 5->4->3->2->1->NULL

# Definition for singly-linked list"," The input is the head of the linked list and the output should be the new head of the reversed linked list.

# Example:

# Input: 1->2->3->4->5->NULL
# Output: 5->4->3->2->1->NULL

# Definition for singly-linked list",length
phase3_engine_comparison_qwen25_7b_instruct_vllm,20260416_040050,vllm,default_output,Qwen/Qwen2.5-7B-Instruct,server_managed,p7,reasoning,21,64,64,1.2483306820504367,51.2684666973636,"If a train travels 60 miles in 1.5 hours, what is its average speed?","If a train travels 60 miles in 1.5 hours, what is its average speed? To find the average speed of the train, we use the formula for average speed, which is the total distance traveled divided by the total time taken. Here are the steps to solve the problem:

1. Identify the total distance traveled. In this case, the train travels 60 miles.
2. Identify the total"," To find the average speed of the train, we use the formula for average speed, which is the total distance traveled divided by the total time taken. Here are the steps to solve the problem:

1. Identify the total distance traveled. In this case, the train travels 60 miles.
2. Identify the total",length
phase3_engine_comparison_qwen25_7b_instruct_vllm,20260416_040050,vllm,default_output,Qwen/Qwen2.5-7B-Instruct,server_managed,p8,reasoning,27,64,64,1.2485344461165369,51.2600995503702,A batch job takes 12 minutes on 1 GPU and 4 minutes on 4 GPUs. What is the speedup?,"A batch job takes 12 minutes on 1 GPU and 4 minutes on 4 GPUs. What is the speedup? The speedup of a parallel computing task can be calculated using Amdahl's Law or by simply comparing the time taken for the sequential and parallel executions. In this case, we can use a straightforward comparison to find the speedup.

The speedup is defined as the ratio of the time taken by the sequential execution to"," The speedup of a parallel computing task can be calculated using Amdahl's Law or by simply comparing the time taken for the sequential and parallel executions. In this case, we can use a straightforward comparison to find the speedup.

The speedup is defined as the ratio of the time taken by the sequential execution to",length
phase3_engine_comparison_qwen25_7b_instruct_vllm,20260416_040050,vllm,default_output,Qwen/Qwen2.5-7B-Instruct,server_managed,p9,long_context,60,64,64,1.2478594537824392,51.28782717156721,"In machine learning inference systems, throughput measures how many requests or tokens can be processed in a given time, while latency measures how long a single request takes to complete. Engineers often face tradeoffs between throughput and latency, especially under concurrent workloads. Explain the difference between throughput and latency in simple terms.","In machine learning inference systems, throughput measures how many requests or tokens can be processed in a given time, while latency measures how long a single request takes to complete. Engineers often face tradeoffs between throughput and latency, especially under concurrent workloads. Explain the difference between throughput and latency in simple terms. Throughput and latency are two important metrics used to measure the performance of a system, particularly in the context of machine learning inference.

**Throughput:**
- **Definition:** Throughput refers to the rate at which a system can process requests or tasks.
- **Example:** If you have a system that processes images for"," Throughput and latency are two important metrics used to measure the performance of a system, particularly in the context of machine learning inference.

**Throughput:**
- **Definition:** Throughput refers to the rate at which a system can process requests or tasks.
- **Example:** If you have a system that processes images for",length
phase3_engine_comparison_qwen25_7b_instruct_vllm,20260416_040050,vllm,default_output,Qwen/Qwen2.5-7B-Instruct,server_managed,p10,long_context,41,64,64,1.2477175369858742,51.293660706737796,"Large language models are often deployed using inference servers that support batching, caching, and optimized execution backends. These choices affect memory usage, latency, and cost. Explain why benchmarking different serving stacks matters.","Large language models are often deployed using inference servers that support batching, caching, and optimized execution backends. These choices affect memory usage, latency, and cost. Explain why benchmarking different serving stacks matters. Benchmarking different serving stacks for large language models is crucial for several reasons:

1. **Performance Optimization**: Different serving stacks can have varying levels of performance in terms of latency and throughput. By benchmarking these stacks, you can identify the most efficient configuration for your specific use case.

2. **Resource Utilization**: Serving"," Benchmarking different serving stacks for large language models is crucial for several reasons:

1. **Performance Optimization**: Different serving stacks can have varying levels of performance in terms of latency and throughput. By benchmarking these stacks, you can identify the most efficient configuration for your specific use case.

2. **Resource Utilization**: Serving",length
phase3_engine_comparison_qwen25_7b_instruct_vllm,20260416_040050,vllm,default_output,Qwen/Qwen2.5-7B-Instruct,server_managed,p11,short_qa,10,64,64,1.2475293320603669,51.301398977369374,What is the difference between RAM and VRAM?,"What is the difference between RAM and VRAM? RAM (Random Access Memory) and VRAM (Video Random Access Memory) are both types of computer memory, but they serve different purposes.

RAM is a type of volatile memory that is used to store data and instructions that are currently being used by the CPU (Central Processing Unit). It is used for general-purpose computing tasks"," RAM (Random Access Memory) and VRAM (Video Random Access Memory) are both types of computer memory, but they serve different purposes.

RAM is a type of volatile memory that is used to store data and instructions that are currently being used by the CPU (Central Processing Unit). It is used for general-purpose computing tasks",length
phase3_engine_comparison_qwen25_7b_instruct_vllm,20260416_040050,vllm,default_output,Qwen/Qwen2.5-7B-Instruct,server_managed,p12,coding,10,64,64,1.2485891389660537,51.25785416730268,Write a Python function that merges two sorted arrays.,"Write a Python function that merges two sorted arrays. The function should take two parameters, both of which are sorted lists of integers, and return a new list that is also sorted, containing all elements from both input lists.

For example, given the two lists `[1, 3, 5]` and `[2, 4, 6]`, the function"," The function should take two parameters, both of which are sorted lists of integers, and return a new list that is also sorted, containing all elements from both input lists.

For example, given the two lists `[1, 3, 5]` and `[2, 4, 6]`, the function",length
phase3_engine_comparison_qwen25_7b_instruct_vllm,20260416_040050,vllm,default_output,Qwen/Qwen2.5-7B-Instruct,server_managed,p13,reasoning,22,64,64,1.2478505168110132,51.2881944894789,"If latency drops from 200 ms to 120 ms, what is the percentage reduction?","If latency drops from 200 ms to 120 ms, what is the percentage reduction? To determine the percentage reduction in latency when it drops from 200 ms to 120 ms, we can follow these steps:

1. Calculate the reduction in latency.
2. Divide the reduction by the original latency.
3. Multiply the result by 100 to get the percentage reduction.

Let"," To determine the percentage reduction in latency when it drops from 200 ms to 120 ms, we can follow these steps:

1. Calculate the reduction in latency.
2. Divide the reduction by the original latency.
3. Multiply the result by 100 to get the percentage reduction.

Let",length
phase3_engine_comparison_qwen25_7b_instruct_vllm,20260416_040050,vllm,default_output,Qwen/Qwen2.5-7B-Instruct,server_managed,p14,summarization,19,23,64,0.4736665431410074,48.55736663915705,Summarize this in one sentence: Containerization helps package applications and dependencies consistently across environments.,"Summarize this in one sentence: Containerization helps package applications and dependencies consistently across environments. Containerization is a method that packages applications and their dependencies together into portable containers, ensuring consistent behavior across different environments."," Containerization is a method that packages applications and their dependencies together into portable containers, ensuring consistent behavior across different environments.",stop
phase3_engine_comparison_qwen25_7b_instruct_vllm,20260416_040050,vllm,default_output,Qwen/Qwen2.5-7B-Instruct,server_managed,p15,long_context,47,64,64,1.2598525998182595,50.799593547080306,"Model serving frameworks like vLLM and TensorRT-LLM aim to improve efficiency for large language model inference by optimizing memory management, batching, and execution. Explain what kinds of improvements an engineer might look for when comparing serving frameworks.","Model serving frameworks like vLLM and TensorRT-LLM aim to improve efficiency for large language model inference by optimizing memory management, batching, and execution. Explain what kinds of improvements an engineer might look for when comparing serving frameworks. When comparing serving frameworks like vLLM and TensorRT-LLM for large language model (LLM) inference, an engineer would look for several key improvements in terms of efficiency, performance, and usability. Here are some of the main areas of focus:

### 1. **Memory Management**
   - **Eff"," When comparing serving frameworks like vLLM and TensorRT-LLM for large language model (LLM) inference, an engineer would look for several key improvements in terms of efficiency, performance, and usability. Here are some of the main areas of focus:

### 1. **Memory Management**
   - **Eff",length
phase3_engine_comparison_qwen25_7b_instruct_vllm,20260416_040050,vllm,default_output,Qwen/Qwen2.5-7B-Instruct,server_managed,p16,short_qa,6,64,64,1.2476537870243192,51.29628160119753,What is a transformer model?,"What is a transformer model? A transformer model is a type of deep learning architecture that was introduced in the paper ""Attention Is All You Need"" by Vaswani et al. in 2017. It has since become one of the most popular and widely used models for natural language processing (NLP) tasks, such as machine translation"," A transformer model is a type of deep learning architecture that was introduced in the paper ""Attention Is All You Need"" by Vaswani et al. in 2017. It has since become one of the most popular and widely used models for natural language processing (NLP) tasks, such as machine translation",length
phase3_engine_comparison_qwen25_7b_instruct_vllm,20260416_040050,vllm,default_output,Qwen/Qwen2.5-7B-Instruct,server_managed,p17,coding,16,64,64,1.2488507716916502,51.247115708875135,Write Python code to find the maximum subarray sum using Kadane's algorithm.,"Write Python code to find the maximum subarray sum using Kadane's algorithm. The input will be a list of integers, which can contain both positive and negative numbers. Your task is to return the maximum sum along with the starting and ending indices of the subarray that gives this maximum sum.

For example, given the input list [1, -3, 2, 1, -1"," The input will be a list of integers, which can contain both positive and negative numbers. Your task is to return the maximum sum along with the starting and ending indices of the subarray that gives this maximum sum.

For example, given the input list [1, -3, 2, 1, -1",length
phase3_engine_comparison_qwen25_7b_instruct_vllm,20260416_040050,vllm,default_output,Qwen/Qwen2.5-7B-Instruct,server_managed,p18,reasoning,27,64,64,1.249534219969064,51.219085461768714,"If one server handles 50 requests per second and another handles 80, how much higher is the second server's throughput?","If one server handles 50 requests per second and another handles 80, how much higher is the second server's throughput? To determine how much higher the second server's throughput is compared to the first server, we need to follow these steps:

1. Identify the throughput of each server.
2. Subtract the throughput of the first server from the throughput of the second server.

The throughput of the first server is 50 requests per second.
"," To determine how much higher the second server's throughput is compared to the first server, we need to follow these steps:

1. Identify the throughput of each server.
2. Subtract the throughput of the first server from the throughput of the second server.

The throughput of the first server is 50 requests per second.
",length
phase3_engine_comparison_qwen25_7b_instruct_vllm,20260416_040050,vllm,default_output,Qwen/Qwen2.5-7B-Instruct,server_managed,p19,summarization,26,64,64,1.249530402943492,51.219241924195344,"Summarize this: Profiling tools help engineers identify compute bottlenecks, memory inefficiencies, and kernel-level slowdowns.","Summarize this: Profiling tools help engineers identify compute bottlenecks, memory inefficiencies, and kernel-level slowdowns. They are used to optimize the performance of software applications.
Profiling tools assist engineers in pinpointing compute bottlenecks, memory inefficiencies, and kernel-level slowdowns, thereby optimizing the performance of software applications. These tools enable more efficient and effective development processes by providing detailed insights into application behavior. By identifying and addressing these"," They are used to optimize the performance of software applications.
Profiling tools assist engineers in pinpointing compute bottlenecks, memory inefficiencies, and kernel-level slowdowns, thereby optimizing the performance of software applications. These tools enable more efficient and effective development processes by providing detailed insights into application behavior. By identifying and addressing these",length
phase3_engine_comparison_qwen25_7b_instruct_vllm,20260416_040050,vllm,default_output,Qwen/Qwen2.5-7B-Instruct,server_managed,p20,long_context,40,64,64,1.2491742610000074,51.233844626902396,"Deep learning deployment often requires balancing accuracy, latency, memory, and cost. Teams may compare multiple serving stacks to understand which one is best suited for production workloads. Explain why these tradeoffs matter.","Deep learning deployment often requires balancing accuracy, latency, memory, and cost. Teams may compare multiple serving stacks to understand which one is best suited for production workloads. Explain why these tradeoffs matter. The tradeoffs between accuracy, latency, memory, and cost are critical in deep learning deployment because they directly impact the performance, efficiency, and feasibility of a model in real-world applications. Here's why each of these factors matters:

1. **Accuracy**:
   - **Importance**: High accuracy is crucial for ensuring"," The tradeoffs between accuracy, latency, memory, and cost are critical in deep learning deployment because they directly impact the performance, efficiency, and feasibility of a model in real-world applications. Here's why each of these factors matters:

1. **Accuracy**:
   - **Importance**: High accuracy is crucial for ensuring",length
phase3_engine_comparison_qwen25_7b_instruct_vllm,20260416_040050,vllm,long_output,Qwen/Qwen2.5-7B-Instruct,server_managed,p1,short_qa,7,96,96,1.8686952120624483,51.37274360223055,What is the capital of France?,"What is the capital of France? The capital of France is Paris. 

Paris is a city located in northern central France and is known for its rich history, culture, art, fashion, food, and architecture. It is home to many famous landmarks such as the Eiffel Tower, Louvre Museum, Notre-Dame Cathedral, and Champs-Élysées. Additionally, Paris is considered one of the most visited cities in the world and is often referred to as the ""City of Light"" or """," The capital of France is Paris. 

Paris is a city located in northern central France and is known for its rich history, culture, art, fashion, food, and architecture. It is home to many famous landmarks such as the Eiffel Tower, Louvre Museum, Notre-Dame Cathedral, and Champs-Élysées. Additionally, Paris is considered one of the most visited cities in the world and is often referred to as the ""City of Light"" or """,length
phase3_engine_comparison_qwen25_7b_instruct_vllm,20260416_040050,vllm,long_output,Qwen/Qwen2.5-7B-Instruct,server_managed,p2,short_qa,10,96,96,1.8696847967803478,51.3455530928608,Explain what a GPU does in simple words.,"Explain what a GPU does in simple words. A GPU, or Graphics Processing Unit, is like a specialized brain for handling all the calculations needed to create and display images on your screen. Imagine you're playing a video game or watching a movie with lots of action and special effects. The GPU quickly figures out how to draw all those moving parts, colors, and details so that everything looks smooth and realistic. It's really good at doing many tasks at once, which makes it super fast at rendering visuals for things like games,"," A GPU, or Graphics Processing Unit, is like a specialized brain for handling all the calculations needed to create and display images on your screen. Imagine you're playing a video game or watching a movie with lots of action and special effects. The GPU quickly figures out how to draw all those moving parts, colors, and details so that everything looks smooth and realistic. It's really good at doing many tasks at once, which makes it super fast at rendering visuals for things like games,",length
phase3_engine_comparison_qwen25_7b_instruct_vllm,20260416_040050,vllm,long_output,Qwen/Qwen2.5-7B-Instruct,server_managed,p3,summarization,28,75,96,1.4817007626406848,50.617507860585235,"Summarize this in 2 sentences: Machine learning systems often face bottlenecks in data loading, model serving, and hardware utilization.","Summarize this in 2 sentences: Machine learning systems often face bottlenecks in data loading, model serving, and hardware utilization. To address these challenges, researchers have developed a variety of techniques including optimizing data pipelines, improving model efficiency, and leveraging advanced hardware.

Machine learning systems frequently encounter performance limitations in data handling, model deployment, and hardware use. Various strategies have been devised to tackle these issues, such as refining data processing workflows, enhancing model design for better efficiency, and utilizing cutting-edge hardware technologies."," To address these challenges, researchers have developed a variety of techniques including optimizing data pipelines, improving model efficiency, and leveraging advanced hardware.

Machine learning systems frequently encounter performance limitations in data handling, model deployment, and hardware use. Various strategies have been devised to tackle these issues, such as refining data processing workflows, enhancing model design for better efficiency, and utilizing cutting-edge hardware technologies.",stop
phase3_engine_comparison_qwen25_7b_instruct_vllm,20260416_040050,vllm,long_output,Qwen/Qwen2.5-7B-Instruct,server_managed,p4,summarization,30,96,96,1.880258436780423,51.05681119260464,"Summarize this paragraph: NVIDIA develops GPUs, software platforms, and AI infrastructure used in machine learning, inference, robotics, and high-performance computing.","Summarize this paragraph: NVIDIA develops GPUs, software platforms, and AI infrastructure used in machine learning, inference, robotics, and high-performance computing. The company's products are used by a wide range of industries including automotive, healthcare, finance, and entertainment. NVIDIA's technology is also used in data centers to power cloud computing services and in self-driving cars.
NVIDIA creates GPUs, software, and AI infrastructure for various applications like machine learning, inference, robotics, and high-performance computing. Their products serve industries such as automotive, healthcare, finance, and entertainment. Additionally, their technology powers cloud computing and self-driving cars in data"," The company's products are used by a wide range of industries including automotive, healthcare, finance, and entertainment. NVIDIA's technology is also used in data centers to power cloud computing services and in self-driving cars.
NVIDIA creates GPUs, software, and AI infrastructure for various applications like machine learning, inference, robotics, and high-performance computing. Their products serve industries such as automotive, healthcare, finance, and entertainment. Additionally, their technology powers cloud computing and self-driving cars in data",length
phase3_engine_comparison_qwen25_7b_instruct_vllm,20260416_040050,vllm,long_output,Qwen/Qwen2.5-7B-Instruct,server_managed,p5,coding,13,96,96,1.8695304659195244,51.34979169905242,Write a Python function to check if a string is a palindrome.,"Write a Python function to check if a string is a palindrome. A string is considered a palindrome if it reads the same backward as forward, e.g., ""madam"" or ""racecar"". Your function should return `True` if the given string is a palindrome and `False` otherwise.

**Example:**
```python
print(is_palindrome(""racecar""))  # Output: True
print(is_palindrome(""hello""))    # Output: False
```

**Note:**
- The function should be case-sensitive.
-"," A string is considered a palindrome if it reads the same backward as forward, e.g., ""madam"" or ""racecar"". Your function should return `True` if the given string is a palindrome and `False` otherwise.

**Example:**
```python
print(is_palindrome(""racecar""))  # Output: True
print(is_palindrome(""hello""))    # Output: False
```

**Note:**
- The function should be case-sensitive.
-",length
phase3_engine_comparison_qwen25_7b_instruct_vllm,20260416_040050,vllm,long_output,Qwen/Qwen2.5-7B-Instruct,server_managed,p6,coding,9,96,96,1.8692545760422945,51.35737059596096,Write Python code to reverse a linked list.,"Write Python code to reverse a linked list. The input is the head of the linked list and the output should be the new head of the reversed linked list.

# Example:

# Input: 1->2->3->4->5->NULL
# Output: 5->4->3->2->1->NULL

# Definition for singly-linked list.
class ListNode:
    def __init__(self, x):
        self.val = x
        self.next = None

def reverseList(head: ListNode)"," The input is the head of the linked list and the output should be the new head of the reversed linked list.

# Example:

# Input: 1->2->3->4->5->NULL
# Output: 5->4->3->2->1->NULL

# Definition for singly-linked list.
class ListNode:
    def __init__(self, x):
        self.val = x
        self.next = None

def reverseList(head: ListNode)",length
phase3_engine_comparison_qwen25_7b_instruct_vllm,20260416_040050,vllm,long_output,Qwen/Qwen2.5-7B-Instruct,server_managed,p7,reasoning,21,96,96,1.8690101951360703,51.364085787135515,"If a train travels 60 miles in 1.5 hours, what is its average speed?","If a train travels 60 miles in 1.5 hours, what is its average speed? To find the average speed of the train, we use the formula for average speed, which is the total distance traveled divided by the total time taken. Here are the steps to solve the problem:

1. Identify the total distance traveled. In this case, the train travels 60 miles.
2. Identify the total time taken. In this case, the train takes 1.5 hours.
3. Use the formula for average speed: \(\text{Average speed}"," To find the average speed of the train, we use the formula for average speed, which is the total distance traveled divided by the total time taken. Here are the steps to solve the problem:

1. Identify the total distance traveled. In this case, the train travels 60 miles.
2. Identify the total time taken. In this case, the train takes 1.5 hours.
3. Use the formula for average speed: \(\text{Average speed}",length
phase3_engine_comparison_qwen25_7b_instruct_vllm,20260416_040050,vllm,long_output,Qwen/Qwen2.5-7B-Instruct,server_managed,p8,reasoning,27,96,96,1.8689239732921124,51.36645544275183,A batch job takes 12 minutes on 1 GPU and 4 minutes on 4 GPUs. What is the speedup?,"A batch job takes 12 minutes on 1 GPU and 4 minutes on 4 GPUs. What is the speedup? The speedup of a parallel computing task can be calculated using Amdahl's Law or by simply comparing the time taken for the sequential and parallel executions. In this case, we can use a straightforward comparison to find the speedup.

The speedup is defined as the ratio of the time taken by the sequential execution to the time taken by the parallel execution.

Given:
- Time taken on 1 GPU (sequential execution) = 12 minutes
- Time taken on "," The speedup of a parallel computing task can be calculated using Amdahl's Law or by simply comparing the time taken for the sequential and parallel executions. In this case, we can use a straightforward comparison to find the speedup.

The speedup is defined as the ratio of the time taken by the sequential execution to the time taken by the parallel execution.

Given:
- Time taken on 1 GPU (sequential execution) = 12 minutes
- Time taken on ",length
phase3_engine_comparison_qwen25_7b_instruct_vllm,20260416_040050,vllm,long_output,Qwen/Qwen2.5-7B-Instruct,server_managed,p9,long_context,60,96,96,1.8694362579844892,51.3523794084861,"In machine learning inference systems, throughput measures how many requests or tokens can be processed in a given time, while latency measures how long a single request takes to complete. Engineers often face tradeoffs between throughput and latency, especially under concurrent workloads. Explain the difference between throughput and latency in simple terms.","In machine learning inference systems, throughput measures how many requests or tokens can be processed in a given time, while latency measures how long a single request takes to complete. Engineers often face tradeoffs between throughput and latency, especially under concurrent workloads. Explain the difference between throughput and latency in simple terms. Throughput and latency are two important metrics used to measure the performance of a system, particularly in the context of machine learning inference.

**Throughput:**
- **Definition:** Throughput refers to the rate at which a system can process requests or tasks.
- **Example:** If you have a system that processes images for object detection, throughput would tell you how many images it can process per second.
- **Importance:** High throughput is crucial for applications where you need to handle"," Throughput and latency are two important metrics used to measure the performance of a system, particularly in the context of machine learning inference.

**Throughput:**
- **Definition:** Throughput refers to the rate at which a system can process requests or tasks.
- **Example:** If you have a system that processes images for object detection, throughput would tell you how many images it can process per second.
- **Importance:** High throughput is crucial for applications where you need to handle",length
phase3_engine_comparison_qwen25_7b_instruct_vllm,20260416_040050,vllm,long_output,Qwen/Qwen2.5-7B-Instruct,server_managed,p10,long_context,41,96,96,1.869595096912235,51.34801656174142,"Large language models are often deployed using inference servers that support batching, caching, and optimized execution backends. These choices affect memory usage, latency, and cost. Explain why benchmarking different serving stacks matters.","Large language models are often deployed using inference servers that support batching, caching, and optimized execution backends. These choices affect memory usage, latency, and cost. Explain why benchmarking different serving stacks matters. Benchmarking different serving stacks for large language models is crucial for several reasons:

1. **Performance Optimization**: Different serving stacks can have varying levels of performance in terms of latency and throughput. By benchmarking these stacks, you can identify the most efficient configuration for your specific use case.

2. **Resource Utilization**: Serving stacks can differ significantly in how they manage resources like CPU, GPU, and memory. Benchmarking helps you understand which stack optimizes resource usage to minimize costs while"," Benchmarking different serving stacks for large language models is crucial for several reasons:

1. **Performance Optimization**: Different serving stacks can have varying levels of performance in terms of latency and throughput. By benchmarking these stacks, you can identify the most efficient configuration for your specific use case.

2. **Resource Utilization**: Serving stacks can differ significantly in how they manage resources like CPU, GPU, and memory. Benchmarking helps you understand which stack optimizes resource usage to minimize costs while",length
phase3_engine_comparison_qwen25_7b_instruct_vllm,20260416_040050,vllm,long_output,Qwen/Qwen2.5-7B-Instruct,server_managed,p11,short_qa,10,96,96,1.8694702321663499,51.351446173472794,What is the difference between RAM and VRAM?,"What is the difference between RAM and VRAM? RAM (Random Access Memory) and VRAM (Video Random Access Memory) are both types of computer memory, but they serve different purposes.

RAM is a type of volatile memory that is used to store data and instructions that are currently being used by the CPU (Central Processing Unit). It is used for general-purpose computing tasks such as running applications, browsing the internet, and editing documents. The amount of RAM in a computer determines how many programs can be run simultaneously and how much data"," RAM (Random Access Memory) and VRAM (Video Random Access Memory) are both types of computer memory, but they serve different purposes.

RAM is a type of volatile memory that is used to store data and instructions that are currently being used by the CPU (Central Processing Unit). It is used for general-purpose computing tasks such as running applications, browsing the internet, and editing documents. The amount of RAM in a computer determines how many programs can be run simultaneously and how much data",length
phase3_engine_comparison_qwen25_7b_instruct_vllm,20260416_040050,vllm,long_output,Qwen/Qwen2.5-7B-Instruct,server_managed,p12,coding,10,96,96,1.8684938629157841,51.37827953589959,Write a Python function that merges two sorted arrays.,"Write a Python function that merges two sorted arrays. The function should take two parameters, both of which are sorted lists of integers, and return a new list that is also sorted, containing all elements from both input lists.

For example, given the two lists `[1, 3, 5]` and `[2, 4, 6]`, the function should return `[1, 2, 3, 4, 5, 6]`.

Your code should pass the following test case:
```python"," The function should take two parameters, both of which are sorted lists of integers, and return a new list that is also sorted, containing all elements from both input lists.

For example, given the two lists `[1, 3, 5]` and `[2, 4, 6]`, the function should return `[1, 2, 3, 4, 5, 6]`.

Your code should pass the following test case:
```python",length
phase3_engine_comparison_qwen25_7b_instruct_vllm,20260416_040050,vllm,long_output,Qwen/Qwen2.5-7B-Instruct,server_managed,p13,reasoning,22,96,96,1.8671752377413213,51.41456359293249,"If latency drops from 200 ms to 120 ms, what is the percentage reduction?","If latency drops from 200 ms to 120 ms, what is the percentage reduction? To determine the percentage reduction in latency when it drops from 200 ms to 120 ms, we can follow these steps:

1. Calculate the reduction in latency.
2. Divide the reduction by the original latency.
3. Multiply the result by 100 to get the percentage reduction.

Let's go through each step in detail:

1. **Calculate the reduction in latency:**
   \[
   \text{Reduction} = \text{"," To determine the percentage reduction in latency when it drops from 200 ms to 120 ms, we can follow these steps:

1. Calculate the reduction in latency.
2. Divide the reduction by the original latency.
3. Multiply the result by 100 to get the percentage reduction.

Let's go through each step in detail:

1. **Calculate the reduction in latency:**
   \[
   \text{Reduction} = \text{",length
phase3_engine_comparison_qwen25_7b_instruct_vllm,20260416_040050,vllm,long_output,Qwen/Qwen2.5-7B-Instruct,server_managed,p14,summarization,19,23,96,0.473700157366693,48.55392096100913,Summarize this in one sentence: Containerization helps package applications and dependencies consistently across environments.,"Summarize this in one sentence: Containerization helps package applications and dependencies consistently across environments. Containerization is a method that packages applications and their dependencies together into portable containers, ensuring consistent behavior across different environments."," Containerization is a method that packages applications and their dependencies together into portable containers, ensuring consistent behavior across different environments.",stop
phase3_engine_comparison_qwen25_7b_instruct_vllm,20260416_040050,vllm,long_output,Qwen/Qwen2.5-7B-Instruct,server_managed,p15,long_context,47,96,96,1.8805783707648516,51.04812513660665,"Model serving frameworks like vLLM and TensorRT-LLM aim to improve efficiency for large language model inference by optimizing memory management, batching, and execution. Explain what kinds of improvements an engineer might look for when comparing serving frameworks.","Model serving frameworks like vLLM and TensorRT-LLM aim to improve efficiency for large language model inference by optimizing memory management, batching, and execution. Explain what kinds of improvements an engineer might look for when comparing serving frameworks. When comparing serving frameworks like vLLM and TensorRT-LLM for large language model (LLM) inference, an engineer would look for several key improvements in terms of efficiency, performance, and usability. Here are some of the main areas of focus:

### 1. **Memory Management**
   - **Efficient Memory Utilization**: Both frameworks should minimize memory usage to handle larger models and longer sequences without running out of memory.
   - **Dynamic Memory Allocation**: The"," When comparing serving frameworks like vLLM and TensorRT-LLM for large language model (LLM) inference, an engineer would look for several key improvements in terms of efficiency, performance, and usability. Here are some of the main areas of focus:

### 1. **Memory Management**
   - **Efficient Memory Utilization**: Both frameworks should minimize memory usage to handle larger models and longer sequences without running out of memory.
   - **Dynamic Memory Allocation**: The",length
phase3_engine_comparison_qwen25_7b_instruct_vllm,20260416_040050,vllm,long_output,Qwen/Qwen2.5-7B-Instruct,server_managed,p16,short_qa,6,96,96,1.8690499900840223,51.362992166776856,What is a transformer model?,"What is a transformer model? A transformer model is a type of deep learning architecture that was introduced in the paper ""Attention Is All You Need"" by Vaswani et al. in 2017. It has since become one of the most popular and widely used models for natural language processing (NLP) tasks, such as machine translation, text generation, and question answering.

The key innovation of the transformer model is its use of self-attention mechanisms to process input sequences. Unlike previous models that"," A transformer model is a type of deep learning architecture that was introduced in the paper ""Attention Is All You Need"" by Vaswani et al. in 2017. It has since become one of the most popular and widely used models for natural language processing (NLP) tasks, such as machine translation, text generation, and question answering.

The key innovation of the transformer model is its use of self-attention mechanisms to process input sequences. Unlike previous models that",length
phase3_engine_comparison_qwen25_7b_instruct_vllm,20260416_040050,vllm,long_output,Qwen/Qwen2.5-7B-Instruct,server_managed,p17,coding,16,96,96,1.8697550790384412,51.34362306392018,Write Python code to find the maximum subarray sum using Kadane's algorithm.,"Write Python code to find the maximum subarray sum using Kadane's algorithm. The input will be a list of integers, which can contain both positive and negative numbers. Your task is to return the maximum sum along with the starting and ending indices of the subarray that gives this maximum sum.

For example, given the input list [1, -3, 2, 1, -1], the output should be (3, 2, 3), indicating that the subarray [2, 1] has the maximum sum of 3"," The input will be a list of integers, which can contain both positive and negative numbers. Your task is to return the maximum sum along with the starting and ending indices of the subarray that gives this maximum sum.

For example, given the input list [1, -3, 2, 1, -1], the output should be (3, 2, 3), indicating that the subarray [2, 1] has the maximum sum of 3",length
phase3_engine_comparison_qwen25_7b_instruct_vllm,20260416_040050,vllm,long_output,Qwen/Qwen2.5-7B-Instruct,server_managed,p18,reasoning,27,96,96,1.8698317226953804,51.341518509277975,"If one server handles 50 requests per second and another handles 80, how much higher is the second server's throughput?","If one server handles 50 requests per second and another handles 80, how much higher is the second server's throughput? To determine how much higher the second server's throughput is compared to the first server, we need to follow these steps:

1. Identify the throughput of each server.
2. Subtract the throughput of the first server from the throughput of the second server.

The throughput of the first server is 50 requests per second.
The throughput of the second server is 80 requests per second.

Now, we calculate the difference:
\[ 80 - 50 = 3"," To determine how much higher the second server's throughput is compared to the first server, we need to follow these steps:

1. Identify the throughput of each server.
2. Subtract the throughput of the first server from the throughput of the second server.

The throughput of the first server is 50 requests per second.
The throughput of the second server is 80 requests per second.

Now, we calculate the difference:
\[ 80 - 50 = 3",length
phase3_engine_comparison_qwen25_7b_instruct_vllm,20260416_040050,vllm,long_output,Qwen/Qwen2.5-7B-Instruct,server_managed,p19,summarization,26,96,96,1.86930580297485,51.35596318549042,"Summarize this: Profiling tools help engineers identify compute bottlenecks, memory inefficiencies, and kernel-level slowdowns.","Summarize this: Profiling tools help engineers identify compute bottlenecks, memory inefficiencies, and kernel-level slowdowns. They are used to optimize the performance of software applications.
Profiling tools assist engineers in pinpointing compute bottlenecks, memory inefficiencies, and kernel-level slowdowns, thereby optimizing the performance of software applications. These tools enable more efficient and effective development processes by providing detailed insights into application behavior. By identifying and addressing these issues, developers can enhance the overall speed and efficiency of their software. 

Key points:
- Identify compute bottlenecks
- Detect memory inefficiencies
-"," They are used to optimize the performance of software applications.
Profiling tools assist engineers in pinpointing compute bottlenecks, memory inefficiencies, and kernel-level slowdowns, thereby optimizing the performance of software applications. These tools enable more efficient and effective development processes by providing detailed insights into application behavior. By identifying and addressing these issues, developers can enhance the overall speed and efficiency of their software. 

Key points:
- Identify compute bottlenecks
- Detect memory inefficiencies
-",length
phase3_engine_comparison_qwen25_7b_instruct_vllm,20260416_040050,vllm,long_output,Qwen/Qwen2.5-7B-Instruct,server_managed,p20,long_context,40,96,96,1.869806014932692,51.34222439831853,"Deep learning deployment often requires balancing accuracy, latency, memory, and cost. Teams may compare multiple serving stacks to understand which one is best suited for production workloads. Explain why these tradeoffs matter.","Deep learning deployment often requires balancing accuracy, latency, memory, and cost. Teams may compare multiple serving stacks to understand which one is best suited for production workloads. Explain why these tradeoffs matter. The tradeoffs between accuracy, latency, memory, and cost are critical in deep learning deployment because they directly impact the performance, efficiency, and feasibility of a model in real-world applications. Here's why each of these factors matters:

1. **Accuracy**:
   - **Importance**: High accuracy is crucial for ensuring that the model makes correct predictions or decisions. In applications like medical diagnosis, financial forecasting, or autonomous driving, even small inaccuracies can have significant consequences.
  "," The tradeoffs between accuracy, latency, memory, and cost are critical in deep learning deployment because they directly impact the performance, efficiency, and feasibility of a model in real-world applications. Here's why each of these factors matters:

1. **Accuracy**:
   - **Importance**: High accuracy is crucial for ensuring that the model makes correct predictions or decisions. In applications like medical diagnosis, financial forecasting, or autonomous driving, even small inaccuracies can have significant consequences.
  ",length
